FieldName,DataDesc,DataCategory,DataType,Description,PossibleValues,DefaultValue,StratFlag,StratType,StratSumSet,ConsumerLoan,ConsumerMortgage,ConsumerHELOC,ConsumerAuto,ConsumerStudent,ConsumerCard,ConsumerUnsecured,CommercialLoan,CommercialMortgage,CommercialAmortizing,CommercialBullet,CommercialRevolver,CommercialABL,CommercialCard,CommercialAuto,CommercialEquipment
cutoffdate,Date,dates,datetime.date,YYYY-MM-DD date on which the tape is cut (also known as the as-of-date).  Tape date is as-of this date unless otherwise specified in a separate field.,YYYY-MM-DD,,FALSE,None,None,TRUE,TRUE,TRUE,TRUE,TRUE,TRUE,TRUE,TRUE,TRUE,TRUE,TRUE,TRUE,TRUE,TRUE,TRUE,TRUE
asset_id,UniqueID,strs,str,Unique identifier for each loan or lease asset,NA,,FALSE,None,None,TRUE,TRUE,TRUE,TRUE,TRUE,TRUE,TRUE,TRUE,TRUE,TRUE,TRUE,TRUE,TRUE,TRUE,TRUE,TRUE
asset_sector,Categorical,strs,str,Cash Flow Engine specific variable which triggers object type generation and creates tape segmentation.  ,"(consumer_mortgage, consumer_heloc, consumer_auto, consumer_student, cosnumer_card, consumer_unsecured, commercial_mortgage, commercial_amortizing, commercial_bullet, commercial_revolver, commercial_abl_revolver, commercial_abl_fixed)",,TRUE,unique_value,summary,TRUE,TRUE,TRUE,TRUE,TRUE,TRUE,TRUE,TRUE,TRUE,TRUE,TRUE,TRUE,TRUE,TRUE,TRUE,TRUE
asset_product,Categorical,strs,str,Description of the loan product that is used to bucket for cash flow portfolios and stratification,NA,,TRUE,unique_value,summary,TRUE,TRUE,TRUE,TRUE,TRUE,TRUE,TRUE,TRUE,TRUE,TRUE,TRUE,TRUE,TRUE,TRUE,TRUE,TRUE
asset_creditmodel,Categorical,strs,str,Name of model group used to trigger credit and prepayment models for generating cash flows,[TBD],,TRUE,unique_value,summary_extended,TRUE,TRUE,TRUE,TRUE,TRUE,TRUE,TRUE,TRUE,TRUE,TRUE,TRUE,TRUE,TRUE,TRUE,TRUE,TRUE
asset_state,Categorical,strs,str,State in which the primary borrower is located (this should be the juristiction in which the loan is written).  This should be in two letter abbreviation,"(AL, AK, AZ, AR, CA, CO, CT, DE, FL, GA, HI, ID, IL, IN, IA, KS, KY, LA ,MA, MD, ME, MI, MN, MS, MO, MT, NE, NV, NH, NJ, NM, NY, NC, ND, OH, OK, OR, PA, RI, SC, SD, TN, TX, UT, VT, VA, WA,WV, WI, WY, DC, AS, GU, MP, PR, UM, VI)",,TRUE,unique_value,summary,TRUE,TRUE,TRUE,TRUE,TRUE,TRUE,TRUE,TRUE,TRUE,TRUE,TRUE,TRUE,TRUE,TRUE,TRUE,TRUE
asset_zip,Categorical,strs,str,Zip code in which the primary borrower is located (this should match ASSET_STATE),US-ZIP,,FALSE,None,None,TRUE,TRUE,TRUE,TRUE,TRUE,TRUE,TRUE,TRUE,TRUE,TRUE,TRUE,TRUE,TRUE,TRUE,TRUE,TRUE
orig_name,Categorical,strs,str,Name of originator.  Can be used for trigering credit model impact,NA,,TRUE,unique_value,summary,TRUE,TRUE,TRUE,TRUE,TRUE,TRUE,TRUE,TRUE,TRUE,TRUE,TRUE,TRUE,TRUE,TRUE,TRUE,TRUE
orig_channel,Categorical,strs,str,Origination channel.  Can be used for triggering credit model impact.,[TBD],,TRUE,unique_value,summary_extended,TRUE,TRUE,TRUE,TRUE,TRUE,TRUE,TRUE,TRUE,TRUE,TRUE,TRUE,TRUE,TRUE,TRUE,TRUE,TRUE
orig_program,Categorical,strs,str,Origination program name.  Can be used for triggering credit model impact.,[TBD],,TRUE,unique_value,summary_extended,TRUE,TRUE,TRUE,TRUE,TRUE,TRUE,TRUE,TRUE,TRUE,TRUE,TRUE,TRUE,TRUE,TRUE,TRUE,TRUE
deal_id,UniqueID,strs,str,Unique identifier for the deal an asset is associated with (if any),NA,,TRUE,unique_value,summary_extended,TRUE,TRUE,TRUE,TRUE,TRUE,TRUE,TRUE,TRUE,TRUE,TRUE,TRUE,TRUE,TRUE,TRUE,TRUE,TRUE
deal_desc,Categorical,strs,str,Description of the deal referenced in dealid,NA,,FALSE,None,None,TRUE,TRUE,TRUE,TRUE,TRUE,TRUE,TRUE,TRUE,TRUE,TRUE,TRUE,TRUE,TRUE,TRUE,TRUE,TRUE
port_group1,Categorical,strs,str,Description of portfolio grouping 1.  These can be used to group assets together in different portfolios for analysis.,NA,,TRUE,unique_value,summary,TRUE,TRUE,TRUE,TRUE,TRUE,TRUE,TRUE,TRUE,TRUE,TRUE,TRUE,TRUE,TRUE,TRUE,TRUE,TRUE
port_group2,Categorical,strs,str,Description of portfolio grouping 2.  These can be used to group assets together in different portfolios for analysis.,NA,,TRUE,unique_value,summary_extended,TRUE,TRUE,TRUE,TRUE,TRUE,TRUE,TRUE,TRUE,TRUE,TRUE,TRUE,TRUE,TRUE,TRUE,TRUE,TRUE
port_group3,Categorical,strs,str,Description of portfolio grouping 3.  These can be used to group assets together in different portfolios for analysis.,NA,,TRUE,unique_value,summary_extended,TRUE,TRUE,TRUE,TRUE,TRUE,TRUE,TRUE,TRUE,TRUE,TRUE,TRUE,TRUE,TRUE,TRUE,TRUE,TRUE
term_origdate,Date,dates,datetime.date,YYYY-MM-DD date the loan was originated.  Insterest accrual starts on this date and typically this is also the disbursment date,YYYY-MM-DD,,TRUE,vintage_quarter,summary,TRUE,TRUE,TRUE,TRUE,TRUE,TRUE,TRUE,TRUE,TRUE,TRUE,TRUE,TRUE,TRUE,TRUE,TRUE,TRUE
term_matdate,Date,dates,datetime.date,YYYY-MM-DD date on which the loan has its final maturity and all payments must be made.  Cash Flow Engine assumes that all unpaid principal is due on this date.,YYYY-MM-DD >=origdate and >= cutoffdate,,FALSE,None,None,FALSE,TRUE,FALSE,TRUE,TRUE,FALSE,TRUE,FALSE,TRUE,TRUE,TRUE,TRUE,TRUE,FALSE,TRUE,TRUE
term_orig,Numeric,ints,np.int64,Original term in months beginning on the PMT_FIRSTPAY_DATE and ending on MATDATE,INT>0,,TRUE,bucket_fixed,summary,FALSE,TRUE,FALSE,TRUE,TRUE,FALSE,TRUE,FALSE,TRUE,TRUE,TRUE,TRUE,TRUE,FALSE,TRUE,TRUE
term_promo,Numeric,ints,np.int64,Term at the beginning of the life of the loan during which the loan pays at RATE_MARGIN_PROMO,INT>=0,,TRUE,bucket_fixed,summary,TRUE,TRUE,TRUE,TRUE,TRUE,TRUE,TRUE,TRUE,TRUE,TRUE,TRUE,TRUE,TRUE,TRUE,TRUE,TRUE
term_io,Numeric,ints,np.int64,Term after TERM_PROMO during which the loan will be interst only billed at (RATE_MARGIN_IO + RATE_INDEX),INT>=0,,TRUE,bucket_fixed,summary,TRUE,TRUE,TRUE,TRUE,TRUE,TRUE,TRUE,TRUE,TRUE,TRUE,TRUE,TRUE,TRUE,TRUE,TRUE,TRUE
term_amort,Numeric,ints,np.int64,Term over which the loan will amortize.  This period begins after TERM_PROMO+TERM_IO has passed.  (TERM_PROMO+TERM_IO+TERM_ARMORT) >= TERM_ORIG.  In the event > then loan will baloon on MATDATE,INT>0,,TRUE,bucket_fixed,summary,FALSE,TRUE,FALSE,TRUE,TRUE,FALSE,TRUE,TRUE,TRUE,TRUE,TRUE,TRUE,TRUE,TRUE,TRUE,TRUE
term_age,Numeric,ints,np.int64,Age of the loan beginning on PMT_FIRSTPAY_DATE and ending through and on CUTOFFDATE,INT,,TRUE,bucket_auto,summary,TRUE,TRUE,TRUE,TRUE,TRUE,TRUE,TRUE,TRUE,TRUE,TRUE,TRUE,TRUE,TRUE,TRUE,TRUE,TRUE
term_rem,Numeric,ints,np.int64,Remaining term of the loan calcualted as TERM_ORIG - TERM_AGE,INT>0,,TRUE,bucket_auto,summary,FALSE,TRUE,FALSE,TRUE,TRUE,FALSE,TRUE,FALSE,TRUE,TRUE,TRUE,TRUE,TRUE,FALSE,TRUE,TRUE
bal_orig,Numeric,floats,np.float64,Dollar (or loacal currency) value of original outstanding principal balance of the loan on which interest accrues and which is due on or before MATDATE.  This is for closed end loans and leases.,FLOAT>=0,,TRUE,bucket_auto,summary,FALSE,TRUE,FALSE,TRUE,TRUE,FALSE,TRUE,FALSE,TRUE,TRUE,TRUE,TRUE,TRUE,FALSE,TRUE,TRUE
bal_curr,Numeric,floats,np.float64,Dollar (or loacal currency) value of current outstanding principal balance as-of CUTOFFDATE of the loan on which interest accrues and which is due on or before MATDATE.,FLOAT>=0,,TRUE,bucket_auto,summary,TRUE,TRUE,TRUE,TRUE,TRUE,TRUE,TRUE,TRUE,TRUE,TRUE,TRUE,TRUE,TRUE,TRUE,TRUE,TRUE
bal_limit_orig,Numeric,floats,np.float64,Line limit in dollars (or local currency) as of TERM_ORIGDATE in $x.00 format,FLOAT>=0,,TRUE,bucket_auto,summary,FALSE,FALSE,TRUE,FALSE,FALSE,TRUE,FALSE,FALSE,FALSE,FALSE,FALSE,TRUE,TRUE,TRUE,FALSE,FALSE
bal_limit_curr,Numeric,floats,np.float64,Line limit in dollars (or local currency) as of CUTOFFDATE in $x.00 format,FLOAT>=0,,TRUE,bucket_auto,summary,FALSE,FALSE,TRUE,FALSE,FALSE,TRUE,FALSE,FALSE,FALSE,FALSE,FALSE,TRUE,TRUE,TRUE,FALSE,FALSE
bal_util_orig,Numeric,floats,np.float64,Line utilization as of TERM_ORIGDATE calculated as (BAL_CURR / BAL_LIMIT_CURR * 100) in x.000% format,FLOAT>=0,,TRUE,bucket_auto,summary,FALSE,FALSE,TRUE,FALSE,FALSE,TRUE,FALSE,FALSE,FALSE,FALSE,FALSE,TRUE,TRUE,TRUE,FALSE,FALSE
bal_util_curr,Numeric,floats,np.float64,Line utilization as of CUTOFFDATE calculated as (BAL_CURR / BAL_LIMIT_CURR * 100) in x.000% format,FLOAT>=0,,TRUE,bucket_auto,summary,FALSE,FALSE,TRUE,FALSE,FALSE,TRUE,FALSE,FALSE,FALSE,FALSE,FALSE,TRUE,TRUE,TRUE,FALSE,FALSE
bal_orig_cum,Numeric,floats,np.float64,"Cumulative balance of all loans at ORIGDATE.  This is generally BAL_ORIG + LIEN2_BAL_ORIG, but can also include other liens",FLOAT>=0,,FALSE,None,None,FALSE,TRUE,FALSE,TRUE,TRUE,FALSE,TRUE,TRUE,TRUE,TRUE,TRUE,TRUE,TRUE,TRUE,TRUE,TRUE
lien2_loanid,UniqueID,strs,str,Unique identifier for second lien reflected in BAL_ORIG_CUM,NA,,FALSE,None,None,TRUE,TRUE,TRUE,TRUE,TRUE,TRUE,TRUE,TRUE,TRUE,TRUE,TRUE,TRUE,TRUE,TRUE,TRUE,TRUE
lien2_bal_orig,Numeric,floats,np.float64,Balance at originatoin for second lien reflected in BAL_ORIG_CUM,NA,,FALSE,None,None,TRUE,TRUE,TRUE,TRUE,TRUE,TRUE,TRUE,TRUE,TRUE,TRUE,TRUE,TRUE,TRUE,TRUE,TRUE,TRUE
lien2_loantype,Categorical,strs,str,Product Description of second lien loan.  ,NA,,FALSE,None,None,TRUE,TRUE,TRUE,TRUE,TRUE,TRUE,TRUE,TRUE,TRUE,TRUE,TRUE,TRUE,TRUE,TRUE,TRUE,TRUE
bal_accrued_int,Numeric,floats,np.float64,Total dollars (or local currency) of accrued but unpaid interest due on the asset as of CUTOFFDATE ,FLOAT(02)>=0,,FALSE,None,None,TRUE,TRUE,TRUE,TRUE,TRUE,TRUE,TRUE,TRUE,TRUE,TRUE,TRUE,TRUE,TRUE,TRUE,TRUE,TRUE
bal_accrued_fees,Numeric,floats,np.float64,Total dollars (or local currency) of accrued but unpaid fees due on the asset as of CUTOFFDATE,FLOAT(02)>=0,,FALSE,None,None,TRUE,TRUE,TRUE,TRUE,TRUE,TRUE,TRUE,TRUE,TRUE,TRUE,TRUE,TRUE,TRUE,TRUE,TRUE,TRUE
bal_netinvest_orig,Numeric,floats,np.float64,Dollar (or loacal currency) value of original net invesetment amount of a lease.  This is generally equal to BAL_ORIG + BAL_FAS91_ORIG,FLOAT(02)>=0,,TRUE,bucket_auto,summary_extended,FALSE,FALSE,FALSE,TRUE,FALSE,FALSE,FALSE,FALSE,FALSE,FALSE,FALSE,FALSE,FALSE,FALSE,TRUE,TRUE
bal_netinvest_curr,Numeric,floats,np.float64,Dollar (or loacal currency) value of current net invesetment amount of a lease.  This is generally equal to BAL_CURR + BAL_FAS91_CURR,FLOAT(02)>=0,,TRUE,bucket_auto,summary_extended,FALSE,FALSE,FALSE,TRUE,FALSE,FALSE,FALSE,FALSE,FALSE,FALSE,FALSE,FALSE,FALSE,FALSE,TRUE,TRUE
bal_receivable_orig,Numeric,floats,np.float64,"Total cash in dollars (or local currency) due from the leaseholder over the life of the lease in $x,xx0.00 format on TERM_ORIGDATE",FLOAT(02)>=0,,TRUE,bucket_auto,summary_extended,FALSE,FALSE,FALSE,TRUE,FALSE,FALSE,FALSE,FALSE,FALSE,FALSE,FALSE,FALSE,FALSE,FALSE,TRUE,TRUE
bal_receivable_orig,Numeric,floats,np.float64,"Total cash in dollars (or local currency) due from the leaseholder over the life of the lease in $x,xx0.00 format on CUTOFFDATE",FLOAT(02)>=0,,TRUE,bucket_auto,summary_extended,FALSE,FALSE,FALSE,TRUE,FALSE,FALSE,FALSE,FALSE,FALSE,FALSE,FALSE,FALSE,FALSE,FALSE,TRUE,TRUE
bal_resid_orig,Numeric,floats,np.float64,"Total value of the lease residual in dollars (or local currency) in $x,xx0.00 format on TERM_ORIGDATE",FLOAT(02)>=0,,TRUE,bucket_auto,summary_extended,FALSE,FALSE,FALSE,TRUE,FALSE,FALSE,FALSE,FALSE,FALSE,FALSE,FALSE,FALSE,FALSE,FALSE,TRUE,TRUE
bal_resid_curr,Numeric,floats,np.float64,"Total amortized or MTM value of the lease residual in dollars (or local currency) in $x,xx0.00 format on CUTOFFDATE",FLOAT(02)>=0,,TRUE,bucket_auto,summary_extended,FALSE,FALSE,FALSE,TRUE,FALSE,FALSE,FALSE,FALSE,FALSE,FALSE,FALSE,FALSE,FALSE,FALSE,TRUE,TRUE
bal_fas91_orig,Numeric,floats,np.float64,"For both loans and leases the direct cost of origination that is associated with the origination of the asset and amortizes over the life of the assets.  Shown in dollars (or local currency) in $x,xx0.00 format as of TERM_ORIGDATE",FLOAT(02)>=0,,TRUE,bucket_auto,summary_extended,TRUE,TRUE,TRUE,TRUE,TRUE,TRUE,TRUE,TRUE,TRUE,TRUE,TRUE,TRUE,TRUE,TRUE,TRUE,TRUE
bal_fas91_curr,Numeric,floats,np.float64,"For both loans and leases the amortized direct cost of origination that is associated with the origination of the asset and amortizes over the life of the assets.  Shown in dollars (or local currency) in $x,xx0.00 format as of CUTOFFDATE",FLOAT(02)>=0,,TRUE,bucket_auto,summary_extended,TRUE,TRUE,TRUE,TRUE,TRUE,TRUE,TRUE,TRUE,TRUE,TRUE,TRUE,TRUE,TRUE,TRUE,TRUE,TRUE
rate_type,Categorical,strs,str,Indicator showing whether interest rate is fixed or floating.  Drives object type generation.,"(fixed, float)",,TRUE,bucket_auto,summary,TRUE,TRUE,TRUE,TRUE,TRUE,TRUE,TRUE,TRUE,TRUE,TRUE,TRUE,TRUE,TRUE,TRUE,TRUE,TRUE
rate_compound,Categorical,strs,str,Desdcription of how frequently interest on the asset compounds.  Impacts interest calculation.,"(daily, d, weekly, w, biweekly, b, monthly, m, quarterly, q, semiannually, s, annually, a)",,TRUE,unique_value,summary_extended,TRUE,TRUE,TRUE,TRUE,TRUE,TRUE,TRUE,TRUE,TRUE,TRUE,TRUE,TRUE,TRUE,TRUE,TRUE,TRUE
rate_daycount,Categorical,strs,str,Description of day-count convention used by the loan for calculating interest.  Impacts interest calculation,"(30/360, act/360, 30/365, act/365, act/act)",,FALSE,None,None,TRUE,TRUE,TRUE,TRUE,TRUE,TRUE,TRUE,TRUE,TRUE,TRUE,TRUE,TRUE,TRUE,TRUE,TRUE,TRUE
rate_curr,Numeric,floats,np.float64,Current applicable interest rate as of cutoffdate in in XXX.000% format,FLOAT(03)>=0,,FALSE,None,None,TRUE,TRUE,TRUE,TRUE,TRUE,TRUE,TRUE,TRUE,TRUE,TRUE,TRUE,TRUE,TRUE,TRUE,TRUE,TRUE
rate_margin_promo,Numeric,floats,np.float64,Applicable interest margin to add to RATE_INDEX value during TERM_PROMO in XXX.000% format.  TERM_ORIG = TERM_PROMO + TERM_IO + TERM_AMORT,FLOAT(03)>=0,0,TRUE,bucket_auto,summary,TRUE,TRUE,TRUE,TRUE,TRUE,TRUE,TRUE,TRUE,TRUE,TRUE,TRUE,TRUE,TRUE,TRUE,TRUE,TRUE
rate_margin_io,Numeric,floats,np.float64,Applicable interest margin to add to RATE_INDEX value during TERM_IO in XXX.000% format.  TERM_ORIG = TERM_PROMO + TERM_IO + TERM_AMORT,FLOAT(03)>=0,0,TRUE,bucket_auto,summary,TRUE,TRUE,TRUE,TRUE,TRUE,TRUE,TRUE,TRUE,TRUE,TRUE,TRUE,TRUE,TRUE,TRUE,TRUE,TRUE
rate_margin,Numeric,floats,np.float64,Applicable interest margin to add to RATE_INDEX value during TERM_IO in XXX.000% format.  TERM_ORIG = TERM_PROMO + TERM_IO + TERM_AMORT,FLOAT(03)>=0,0,TRUE,bucket_auto,summary,TRUE,TRUE,TRUE,TRUE,TRUE,TRUE,TRUE,TRUE,TRUE,TRUE,TRUE,TRUE,TRUE,TRUE,TRUE,TRUE
rate_index,Categorical,strs,str,"Description of the index used for floating rate loans.  This is designated FIXED if the loan is fixed rate, which will set the vector values to zero.  ","(cmt1y, cmt3y, cmt5y, cofi, libor1m, libor3m, libor6m, libor9m, libor3y, sofr1m, mta12m)",,TRUE,unique_value,summary,TRUE,TRUE,TRUE,TRUE,TRUE,TRUE,TRUE,TRUE,TRUE,TRUE,TRUE,TRUE,TRUE,TRUE,TRUE,TRUE
rate_index_initvalue,Numeric,floats,np.float64,The curreltly applicable value of RATE_INDEX as of CUTOFFDATE in XXX.000% format.  This should be equal to RATE_CURR-RATE_MARGIN as applicable,FLOAT>=0,,FALSE,None,None,TRUE,TRUE,TRUE,TRUE,TRUE,TRUE,TRUE,TRUE,TRUE,TRUE,TRUE,TRUE,TRUE,TRUE,TRUE,TRUE
rate_float_fixterm,Numeric,ints,np.int64,The period in months at the beginning of a loan during which the interest rate is fixed on a floating rate loan,0 <= INT <=term_orig,,TRUE,bucket_fixed,summary,TRUE,TRUE,TRUE,TRUE,TRUE,TRUE,TRUE,TRUE,TRUE,TRUE,TRUE,TRUE,TRUE,TRUE,TRUE,TRUE
rate_float_resetdate_init,Date,dates,datetime.date,YYYY-MM-DD date on which the loan has its first interest rate reset. ,YYYY-MM-DD >=term_origdate and <= rate_float_resetdate_next and <= term_matdate,,FALSE,None,None,TRUE,TRUE,TRUE,TRUE,TRUE,TRUE,TRUE,TRUE,TRUE,TRUE,TRUE,TRUE,TRUE,TRUE,TRUE,TRUE
rate_float_resetdate_last,Date,dates,datetime.date,YYYY-MM-DD date on which the interest rate last reset,YYYY-MM-DD >=term_origdate and < rate_float_resetdate_next and <= term_matdate,,FALSE,None,None,TRUE,TRUE,TRUE,TRUE,TRUE,TRUE,TRUE,TRUE,TRUE,TRUE,TRUE,TRUE,TRUE,TRUE,TRUE,TRUE
rate_float_resetdate_next,Date,dates,datetime.date,YYYY-MM-DD date on which the interest rate will next rese,YYYY-MM-DD >=term_origdate and >= rate_float_resetdate_last and <= term_matdate,,FALSE,None,None,TRUE,TRUE,TRUE,TRUE,TRUE,TRUE,TRUE,TRUE,TRUE,TRUE,TRUE,TRUE,TRUE,TRUE,TRUE,TRUE
rate_float_resetfreq,Categorical,strs,str,The frequency which with the floating rate will be restruck.  This begins on RATE_FLOAT_RESET_INIT and continues for life of loan.  If RATE_FLOAT_RESET_INIT is blank it is calibrated from *_LAST then *_NEXT in that order.,"(daily, d, weekly, w, biweekly, b, monthly, m, quarterly, q, semiannually, s, annually, a)",,TRUE,unique_value,summary,TRUE,TRUE,TRUE,TRUE,TRUE,TRUE,TRUE,TRUE,TRUE,TRUE,TRUE,TRUE,TRUE,TRUE,TRUE,TRUE
_rate_float_resetsubfreq,Numeric,ints,np.int64,[TBU],[TBU],,FALSE,None,None,TRUE,TRUE,TRUE,TRUE,TRUE,TRUE,TRUE,TRUE,TRUE,TRUE,TRUE,TRUE,TRUE,TRUE,TRUE,TRUE
rate_float_lookback,Numeric,ints,np.int64,,,,FALSE,None,None,TRUE,TRUE,TRUE,TRUE,TRUE,TRUE,TRUE,TRUE,TRUE,TRUE,TRUE,TRUE,TRUE,TRUE,TRUE,TRUE
rate_float_cap1,Numeric,floats,np.float64,The maximum value in XXX.000% format of (RATE_INDEX + RATE_MARGIN) when TERM_AGE <= RATE_FLOAT_PERIOD1.  This should also be able to be set formulaicly.,FLOAT(03)>=0,,FALSE,None,None,TRUE,TRUE,TRUE,TRUE,TRUE,TRUE,TRUE,TRUE,TRUE,TRUE,TRUE,TRUE,TRUE,TRUE,TRUE,TRUE
rate_float_floor1,Numeric,floats,np.float64,The minimum value in XXX.000% format of (RATE_INDEX + RATE_MARGIN) when TERM_AGE <= RATE_FLOAT_PERIOD1.  This should also be able to be set formulaicly.,FLOAT(03)>=0,,FALSE,None,None,TRUE,TRUE,TRUE,TRUE,TRUE,TRUE,TRUE,TRUE,TRUE,TRUE,TRUE,TRUE,TRUE,TRUE,TRUE,TRUE
rate_float_period1,Numeric,ints,np.int64,"The number of months during which the first rate cap and floor apply.  This period runs after RATE_FLOAT_FIXTERM, so TERM_AGE will be compared with (RATE_FLOAT_FIXTERM+RATE_FLOAT_PERIOD1)",INT>=0,,FALSE,None,None,TRUE,TRUE,TRUE,TRUE,TRUE,TRUE,TRUE,TRUE,TRUE,TRUE,TRUE,TRUE,TRUE,TRUE,TRUE,TRUE
rate_float_cap2,Numeric,floats,np.float64,The maximum value in XXX.000% format of (RATE_INDEX + RATE_MARGIN) when TERM_AGE > RATE_FLOAT_PERIOD1.  This should also be able to be set formulaicly.,FLOAT(03)>=0,,FALSE,None,None,TRUE,TRUE,TRUE,TRUE,TRUE,TRUE,TRUE,TRUE,TRUE,TRUE,TRUE,TRUE,TRUE,TRUE,TRUE,TRUE
rate_float_floor2,Numeric,floats,np.float64,The minimum value in XXX.000% format of (RATE_INDEX + RATE_MARGIN) when TERM_AGE > RATE_FLOAT_PERIOD1.  This should also be able to be set formulaicly.,FLOAT(03)>=0,,FALSE,None,None,TRUE,TRUE,TRUE,TRUE,TRUE,TRUE,TRUE,TRUE,TRUE,TRUE,TRUE,TRUE,TRUE,TRUE,TRUE,TRUE
fee_annual,Numeric,floats,np.float64,"Annual fee in dollars (or local currency) in $x,xx0.00 format.  Will be billed annually in month of TERM_ORIGDATE on date queued to PMT_DATE_NEXTDUE / PMT_DATE_LASTDUE / PMT_DATE_FRISTPAY",FLOAT(02)>=0,,TRUE,bucket_auto,summary_extended,FALSE,FALSE,TRUE,TRUE,TRUE,TRUE,FALSE,[TBD],[TBD],[TBD],[TBD],[TBD],[TBD],[TBD],[TBD],[TBD]
fee_excesslimit,Numeric,floats,np.float64,"Late fee in dollars (or local currency) in $x,xx0.00 format.  Will be billed annually in month of TERM_ORIGDATE on date queued to PMT_DATE_NEXTDUE / PMT_DATE_LASTDUE / PMT_DATE_FRISTPAY",FLOAT(02)>=0,,FALSE,None,None,FALSE,FALSE,TRUE,FALSE,FALSE,TRUE,FALSE,[TBD],[TBD],[TBD],[TBD],[TBD],[TBD],[TBD],[TBD],[TBD]
fee_late,Numeric,floats,np.float64,"Amount of fee due for a late payment.  Should be either $x,xx0.00 or %0.000 format and will be applied per FEE_LATE_TYPE.  This fee is applied only if the asset owner and not the servicer is due late fees",FLOAT(03)>=0,,FALSE,None,None,TRUE,TRUE,TRUE,TRUE,TRUE,TRUE,TRUE,[TBD],[TBD],[TBD],[TBD],[TBD],[TBD],[TBD],[TBD],[TBD]
fee_late_type,Categorical,strs,str,Method in which late fee is applied to the account,"(dollar, pct_bal_orig, pct_prop_value)",,FALSE,None,None,TRUE,TRUE,TRUE,TRUE,TRUE,TRUE,TRUE,[TBD],[TBD],[TBD],[TBD],[TBD],[TBD],[TBD],[TBD],[TBD]
fee_merchant,Numeric,floats,np.float64,Percentage of transaction amount that is due as processing fees at the time of use in x.000% format,FLOAT(03)>=0,,TRUE,bucket_auto,summary_extended,FALSE,FALSE,FALSE,FALSE,FALSE,TRUE,FALSE,[TBD],[TBD],[TBD],[TBD],[TBD],[TBD],[TBD],[TBD],[TBD]
fee_merchant_share,Numeric,floats,np.float64,Percentage of merchant and interchange fees due to card issuer in x.000% format,FLOAT(03)>=0,,FALSE,None,None,FALSE,FALSE,FALSE,FALSE,FALSE,TRUE,FALSE,[TBD],[TBD],[TBD],[TBD],[TBD],[TBD],[TBD],[TBD],[TBD]
fee_supp,Numeric,floats,np.float64,"A dollar fee charged for add-on services included at the time of origination in $x,xx0.00 format",FLOAT(02)>=0,,FALSE,None,None,TRUE,TRUE,TRUE,TRUE,TRUE,TRUE,TRUE,[TBD],[TBD],[TBD],[TBD],[TBD],[TBD],[TBD],[TBD],[TBD]
pmt_orig,Numeric,floats,np.float64,The dollar (or local currency) value of the periodic payment due when the loan is first originated on TERM_ORIGDATE,FLOAT(02)>=0,,FALSE,None,None,TRUE,TRUE,TRUE,TRUE,TRUE,TRUE,TRUE,[TBD],[TBD],[TBD],[TBD],[TBD],[TBD],[TBD],[TBD],[TBD]
pmt_curr,Numeric,floats,np.float64,The dollar (or local currency) value of the periodic payment due as-of CUTOFFDATE,FLOAT(02)>=0,,FALSE,None,None,TRUE,TRUE,TRUE,TRUE,TRUE,TRUE,TRUE,[TBD],[TBD],[TBD],[TBD],[TBD],[TBD],[TBD],[TBD],[TBD]
pmt_freq,Categorical,strs,str,"Frequency on which payments are made.  If not given in PMT_SCHED_DATES, payment dates will be calculated based on this frequency and queued from PMT_DATE_NEXTDUE / PMT_DATE_LAST_DUE / PMT_DATE_FIRSTDUE","(daily, d, weekly, w, biweekly, b, monthly, m, quarterly, q, semiannually, s, annually, a)",monthly,TRUE,unique_value,summary_extended,TRUE,TRUE,TRUE,TRUE,TRUE,TRUE,TRUE,[TBD],[TBD],[TBD],[TBD],[TBD],[TBD],[TBD],[TBD],[TBD]
pmt_date_firstpay,Date,dates,datetime.date,YYYY-MM-DD date on which the first loan payment is due. First payment due date is generally either on the first day the first or second subsequent month following TERM_ORIGDATE (OR) the date one month from ORIGDATE.  The Engine uses PMT_FIRSTPAY_DATE to determine the day of the month on which payments are made.,YYYY-MM-DD >=origdate,,FALSE,None,None,TRUE,TRUE,TRUE,TRUE,TRUE,TRUE,TRUE,[TBD],[TBD],[TBD],[TBD],[TBD],[TBD],[TBD],[TBD],[TBD]
pmt_adv_type,Categorical,strs,str,"If any payments are made in advance, this is how the payment is applied.  Values are Principal & Interest (PI), Principal Only (P), Interest Only (I) ","(prin&int, prin, int) ",,TRUE,unique_value,summary_extended,FALSE,FALSE,FALSE,TRUE,TRUE,TRUE,TRUE,[TBD],[TBD],[TBD],[TBD],[TBD],[TBD],[TBD],[TBD],[TBD]
pmt_adv_num,Numeric,ints,np.int64,The number of payments of amount PMT_ORIG made in advance and applied at the time of origination.  PMT_DATE_NEXTDUE will determine when the next payment is collected,INT>=0,,TRUE,unique_value,summary_extended,FALSE,FALSE,FALSE,TRUE,TRUE,TRUE,TRUE,[TBD],[TBD],[TBD],[TBD],[TBD],[TBD],[TBD],[TBD],[TBD]
pmt_promo,Numeric,floats,np.float64,Total dollar (or local currency) value of each payment due during the TERM_PROMO period,,,FALSE,None,None,TRUE,TRUE,TRUE,TRUE,TRUE,TRUE,TRUE,[TBD],[TBD],[TBD],[TBD],[TBD],[TBD],[TBD],[TBD],[TBD]
pmt_prepen,Numeric,floats,np.float64,The value of ,,,TRUE,bucket_auto,summary_extended,FALSE,FALSE,FALSE,FALSE,FALSE,FALSE,FALSE,[TBD],[TBD],[TBD],[TBD],[TBD],[TBD],[TBD],[TBD],[TBD]
pmt_prepen_type,Categorical,strs,str,,,,TRUE,unique_value,summary,FALSE,FALSE,FALSE,FALSE,FALSE,FALSE,FALSE,[TBD],[TBD],[TBD],[TBD],[TBD],[TBD],[TBD],[TBD],[TBD]
pmt_date_lastpay,Date,dates,datetime.date,YYYY-MM-DD scheduled date for which the last payment was received. This is used to help determine delinquency status,<=matdate,,FALSE,None,None,TRUE,TRUE,TRUE,TRUE,TRUE,TRUE,TRUE,[TBD],[TBD],[TBD],[TBD],[TBD],[TBD],[TBD],[TBD],[TBD]
pmt_date_lastdue,Date,dates,datetime.date,YYYY-MM-DD scheduled date <= CUTOFFDATE on which the last loan payment was due. This is used to help calculate delinquency,,,FALSE,None,None,TRUE,TRUE,TRUE,TRUE,TRUE,TRUE,TRUE,[TBD],[TBD],[TBD],[TBD],[TBD],[TBD],[TBD],[TBD],[TBD]
pmt_date_nextdue,Date,dates,datetime.date,YYYY-MM-DD scheduled date >= CUTOFFDATE on which the next loan payment is due. This will be used to calculate the payment dates vector and the future payment dates.,,,FALSE,None,None,TRUE,TRUE,TRUE,TRUE,TRUE,TRUE,TRUE,[TBD],[TBD],[TBD],[TBD],[TBD],[TBD],[TBD],[TBD],[TBD]
pmt_dq_days,Numeric,ints,np.int64,Days the loan has been delinquent.  This is generally calculated as CUTOFFDATE - PMT_DATE_LASTPAY when PMT_DATE_LASTDUE != PMT_DATE_LASTPAY,INT>=0,,TRUE,bucket_fixed,performance,TRUE,TRUE,TRUE,TRUE,TRUE,TRUE,TRUE,[TBD],[TBD],[TBD],[TBD],[TBD],[TBD],[TBD],[TBD],[TBD]
pmt_dq_bucket,Categorical,strs,str,Delinquency bucket the loan in currently in ,"(0-30, 31-60, 61-90, 91-120, 120+, 90+, 60+, FC, CO)",,TRUE,unique_value,performance,TRUE,TRUE,TRUE,TRUE,TRUE,TRUE,TRUE,[TBD],[TBD],[TBD],[TBD],[TBD],[TBD],[TBD],[TBD],[TBD]
pmt_ti_orig,Numeric,floats,np.float64,Periodic Tax and Insurance payment due in addition to PMT_CURR or PMT_ORIG in $x.xx0.00 format,FLOAT(02)>=0,,FALSE,None,None,FALSE,TRUE,TRUE,TRUE,FALSE,FALSE,FALSE,[TBD],[TBD],[TBD],[TBD],[TBD],[TBD],[TBD],[TBD],[TBD]
pmt_sched,Date,arrays,np.array,"Optional vector of payment amounts in dollars (or local currency), which correlates to PMT_SCHED_DATES.  This is total payment including any principal and interest.  This overrides any calculation of payments that would otherwise be automatic.  In format $x,xx0.00",ARRAY(YYYY-MM-DD >=origdate),,FALSE,None,None,TRUE,TRUE,TRUE,TRUE,TRUE,TRUE,TRUE,[TBD],[TBD],[TBD],[TBD],[TBD],[TBD],[TBD],[TBD],[TBD]
pmt_sched_amort,Numeric,arrays,np.array,"Optional vector of principal payment amounts in dollars (or local currency), which correlates to PMT_SCHED_DATES.  This is principal payment in a given period and overrides any calculation of payments that would otherwise be automatic.  In format $x,xx0.00",ARRAY(FLOAT(02)>=0),,FALSE,None,None,TRUE,TRUE,TRUE,TRUE,TRUE,TRUE,TRUE,[TBD],[TBD],[TBD],[TBD],[TBD],[TBD],[TBD],[TBD],[TBD]
pmt_sched_dates,Date,arrays,np.array,Optional vector of dates on which amounts in PMT_SCHED and PMT_SCHED_AMORT are made.  Dates are YYYY-MM-DD.  ORIGDATE can be included with a negative amount in one of the payment vectors. ,ARRAY(YYYY-MM-DD >=origdate),,FALSE,None,None,TRUE,TRUE,TRUE,TRUE,TRUE,TRUE,TRUE,[TBD],[TBD],[TBD],[TBD],[TBD],[TBD],[TBD],[TBD],[TBD]
pmt_sched_draw,Numeric,arrays,np.array,"If draws on a revolving line are pre scheduled, this is a set of scheduled dollar (or local currency) draws, which occur on PMT_DRAW_SCHED_DATES",ARRAY(FLOAT(02)>=0),,FALSE,None,None,TRUE,TRUE,TRUE,TRUE,TRUE,TRUE,TRUE,[TBD],[TBD],[TBD],[TBD],[TBD],[TBD],[TBD],[TBD],[TBD]
pmt_sched_draw_dates,Date,arrays,np.array,"If draws on a revolving line are pre scheduled, this is a set of dates on which each scheduled dollar (or local currency) draw in PMT_DRAW_SCHED are made",ARRAY(YYYY-MM-DD),,FALSE,None,None,TRUE,TRUE,TRUE,TRUE,TRUE,TRUE,TRUE,[TBD],[TBD],[TBD],[TBD],[TBD],[TBD],[TBD],[TBD],[TBD]
uw_fico_type,Categorical,strs,str,"Description of the type of FICO_ORIG, FICO_CURR score (ex. FICO5, Vantage3, Other)",INT>0,,TRUE,unique_value,uw_extended,TRUE,TRUE,TRUE,TRUE,TRUE,TRUE,TRUE,[TBD],[TBD],[TBD],[TBD],[TBD],[TBD],[TBD],[TBD],[TBD]
uw_fico_orig,Numeric,ints,np.int64,FICO / credit score for primary borrower at TERM_ORIGDATE,INT>0,,TRUE,bucket_fixed,uw,TRUE,TRUE,TRUE,TRUE,TRUE,TRUE,TRUE,[TBD],[TBD],[TBD],[TBD],[TBD],[TBD],[TBD],[TBD],[TBD]
uw_fico_curr,Numeric,ints,np.int64,FICO / credit score for primary borrower at FICO_CURR_DATE,INT>0,,TRUE,bucket_fixed,uw,TRUE,TRUE,TRUE,TRUE,TRUE,TRUE,TRUE,[TBD],[TBD],[TBD],[TBD],[TBD],[TBD],[TBD],[TBD],[TBD]
uw_fico_curr_date,Date,dates,datetime.date,Date on which the FICO_CURR score was obtained,YYYY-MM-DD,,FALSE,None,None,TRUE,TRUE,TRUE,TRUE,TRUE,TRUE,TRUE,[TBD],[TBD],[TBD],[TBD],[TBD],[TBD],[TBD],[TBD],[TBD]
uw_borrower2_fico_orig,Numeric,ints,np.int64,FICO / credit score for secondary or co-borrower at TERM_ORIGDATE,INT>0,,FALSE,None,None,FALSE,TRUE,TRUE,TRUE,FALSE,FALSE,FALSE,[TBD],[TBD],[TBD],[TBD],[TBD],[TBD],[TBD],[TBD],[TBD]
uw_borrower2_fico_curr,Numeric,ints,np.int64,FICO / credit score for secondary borrower at FICO_CURR_DATE_BORROWER2,INT>0,,FALSE,None,None,FALSE,TRUE,TRUE,TRUE,FALSE,FALSE,FALSE,[TBD],[TBD],[TBD],[TBD],[TBD],[TBD],[TBD],[TBD],[TBD]
uw_borrower2_fico_curr_date,Date,dates,datetime.date,Date on which the FICO_CURR_BORROWER2 score was obtained,YYYY-MM-DD,,FALSE,None,None,FALSE,TRUE,TRUE,TRUE,FALSE,FALSE,FALSE,[TBD],[TBD],[TBD],[TBD],[TBD],[TBD],[TBD],[TBD],[TBD]
uw_borrwer2_state,Categorical,strs,str,State in which the secondary / co-borrower is located,"(AL, AK, AZ, AR, CA, CO, CT, DE, FL, GA, HI, ID, IL, IN, IA, KS, KY, LA ,MA, MD, ME, MI, MN, MS, MO, MT, NE, NV, NH, NJ, NM, NY, NC, ND, OH, OK, OR, PA, RI, SC, SD, TN, TX, UT, VT, VA, WA,WV, WI, WY, DC, AS, GU, MP, PR, UM, VI)",,FALSE,None,None,FALSE,TRUE,TRUE,TRUE,FALSE,FALSE,FALSE,[TBD],[TBD],[TBD],[TBD],[TBD],[TBD],[TBD],[TBD],[TBD]
uw_borrwer2_zip,Categorical,strs,str,Zip code in which the secondary / co-borrower borrower is located (this should match STATE_BORROWER2),US-ZIP,,FALSE,None,None,FALSE,TRUE,TRUE,TRUE,FALSE,FALSE,FALSE,[TBD],[TBD],[TBD],[TBD],[TBD],[TBD],[TBD],[TBD],[TBD]
uw_purposetype,Categorical,strs,str,,,,TRUE,unique_value,summary,TRUE,TRUE,TRUE,TRUE,TRUE,TRUE,TRUE,[TBD],[TBD],[TBD],[TBD],[TBD],[TBD],[TBD],[TBD],[TBD]
uw_doctype,Categorical,strs,str,Type of documentation used at underwriting.  Referrs to income and employment verification if non-mortgage,MTG: full; low; none | CONS: full; inc; emp; none |AUTO: full; inc; emp; none,,TRUE,unique_value,summary,FALSE,TRUE,TRUE,TRUE,FALSE,FALSE,FALSE,[TBD],[TBD],[TBD],[TBD],[TBD],[TBD],[TBD],[TBD],[TBD]
uw_creditgrade,Categorical,strs,str,Any internal or external credit grade used to UW the loan ,NA,,TRUE,unique_value,uw_extended,FALSE,FALSE,FALSE,FALSE,FALSE,FALSE,FALSE,[TBD],[TBD],[TBD],[TBD],[TBD],[TBD],[TBD],[TBD],[TBD]
uw_ltv_orig,Numeric,floats,np.float64,Loan to Value ratio as of TERM_ORIGDATE equal to PROP_VALUE / BAL_ORIG.,FLOAT(03)>=0,,TRUE,bucket_fixed,uw,FALSE,TRUE,TRUE,TRUE,FALSE,FALSE,FALSE,[TBD],[TBD],[TBD],[TBD],[TBD],[TBD],[TBD],[TBD],[TBD]
uw_ltv_curr,Numeric,floats,np.float64,Loan to Value ratio as of CUTOFFDATE equal to PROP_VALUE / BAL_CURR.,FLOAT(03)>=0,,TRUE,bucket_fixed,uw,FALSE,TRUE,TRUE,TRUE,FALSE,FALSE,FALSE,[TBD],[TBD],[TBD],[TBD],[TBD],[TBD],[TBD],[TBD],[TBD]
uw_cltv_orig,Numeric,floats,np.float64,Cumulative Loan to Value ratio as of TERM_ORIGDATE equal to PROP_VALUE / BAL_ORIG_CUM,FLOAT(03)>=0,,TRUE,bucket_fixed,uw_extended,FALSE,TRUE,TRUE,TRUE,FALSE,FALSE,FALSE,[TBD],[TBD],[TBD],[TBD],[TBD],[TBD],[TBD],[TBD],[TBD]
uw_dti_orig,Numeric,floats,np.float64,Debt to Income ratio as of TERM_ORIGDATE equal to PMT_ORIG / UW_INC_VERIFY or PMT_ORIG / UW_INC_STATED,FLOAT(03)>=0,,TRUE,bucket_fixed,uw,TRUE,TRUE,TRUE,TRUE,TRUE,TRUE,TRUE,[TBD],[TBD],[TBD],[TBD],[TBD],[TBD],[TBD],[TBD],[TBD]
uw_inc_stated,Numeric,floats,np.float64,Stated borrower income by the borrower before any verification has taken place,FLOAT(02)>=0,,TRUE,bucket_auto,uw,TRUE,TRUE,TRUE,TRUE,TRUE,TRUE,TRUE,[TBD],[TBD],[TBD],[TBD],[TBD],[TBD],[TBD],[TBD],[TBD]
uw_inc_verify,Numeric,floats,np.float64,Primary borrower Income as verified by underwriting requirements.,FLOAT(02)>=0,,TRUE,bucket_auto,uw,TRUE,TRUE,TRUE,TRUE,TRUE,TRUE,TRUE,[TBD],[TBD],[TBD],[TBD],[TBD],[TBD],[TBD],[TBD],[TBD]
prop_state,Categorical,strs,str,The state in which the property is located or registered,"(AL, AK, AZ, AR, CA, CO, CT, DE, FL, GA, HI, ID, IL, IN, IA, KS, KY, LA ,MA, MD, ME, MI, MN, MS, MO, MT, NE, NV, NH, NJ, NM, NY, NC, ND, OH, OK, OR, PA, RI, SC, SD, TN, TX, UT, VT, VA, WA,WV, WI, WY, DC, AS, GU, MP, PR, UM, VI)",,TRUE,unique_value,property,FALSE,TRUE,TRUE,TRUE,FALSE,FALSE,FALSE,[TBD],[TBD],[TBD],[TBD],[TBD],[TBD],[TBD],[TBD],[TBD]
prop_zip,Categorical,strs,str,Zip code where property is located,NA,,FALSE,None,None,FALSE,TRUE,TRUE,TRUE,FALSE,FALSE,FALSE,[TBD],[TBD],[TBD],[TBD],[TBD],[TBD],[TBD],[TBD],[TBD]
prop_zip4,Categorical,strs,str,USA +4 of zip code where property is located,NA,,FALSE,None,None,FALSE,TRUE,TRUE,TRUE,FALSE,FALSE,FALSE,[TBD],[TBD],[TBD],[TBD],[TBD],[TBD],[TBD],[TBD],[TBD]
prop_units,Categorical,ints,np.int64,Number of units in property securing loan,INT>0,,TRUE,unique_value,property_extended,FALSE,TRUE,TRUE,TRUE,FALSE,FALSE,FALSE,[TBD],[TBD],[TBD],[TBD],[TBD],[TBD],[TBD],[TBD],[TBD]
prop_occtype,Categorical,strs,str,Primary user of the property,"(OO, NOO, 2ND, 3RD, NA, MULTIFAM, OFFICE, RETAIL, INDUSTRIAL, AGRI )",,TRUE,unique_value,property_extended,FALSE,TRUE,TRUE,TRUE,FALSE,FALSE,FALSE,[TBD],[TBD],[TBD],[TBD],[TBD],[TBD],[TBD],[TBD],[TBD]
prop_lientype,Numeric,ints,np.int64,Type of lien on property securing loan,INT>0,,TRUE,unique_value,property,FALSE,TRUE,TRUE,TRUE,FALSE,FALSE,FALSE,[TBD],[TBD],[TBD],[TBD],[TBD],[TBD],[TBD],[TBD],[TBD]
prop_value,Numeric,floats,np.float64,"Property appraisal / value as of ORIGDATE.  This is the appraisal value for mortgages, otherwise it is the sale price. ","(FLOAT>=0, None)",,TRUE,bucket_auto,property,FALSE,TRUE,TRUE,TRUE,FALSE,FALSE,FALSE,[TBD],[TBD],[TBD],[TBD],[TBD],[TBD],[TBD],[TBD],[TBD]
prop_value_date,Date,dates,datetime.date,Date that PROP_VALUE was acquired,"(YYYY-MM-DD, None)",,FALSE,None,None,FALSE,TRUE,TRUE,TRUE,FALSE,FALSE,FALSE,[TBD],[TBD],[TBD],[TBD],[TBD],[TBD],[TBD],[TBD],[TBD]
prop_value_type,Categorical,strs,str,Type of valuation ,"{MTG: (app, bpo, avm, pur, oth), AUTO: (app, kbb, pur, msrp), None}",,TRUE,unique_value,property_extended,FALSE,TRUE,TRUE,TRUE,FALSE,FALSE,FALSE,[TBD],[TBD],[TBD],[TBD],[TBD],[TBD],[TBD],[TBD],[TBD]
prop_value2,Numeric,floats,np.float64,Updated version of PROP_APPRAISAL as of PROP_VALUE_DATE,"(FLOAT>=0, None)",,FALSE,None,None,FALSE,TRUE,TRUE,TRUE,FALSE,FALSE,FALSE,[TBD],[TBD],[TBD],[TBD],[TBD],[TBD],[TBD],[TBD],[TBD]
prop_value2_date,Date,dates,datetime.date,Date that PROP_VALUE was acquired,"(YYYY-MM-DD, None)",,FALSE,None,None,FALSE,TRUE,TRUE,TRUE,FALSE,FALSE,FALSE,[TBD],[TBD],[TBD],[TBD],[TBD],[TBD],[TBD],[TBD],[TBD]
prop_value2_type,Categorical,strs,str,Type of valuation ,"{MTG: (app, bpo, avm, pur, oth), AUTO: (app, kbb, pur, msrp), None}",,FALSE,None,None,FALSE,TRUE,TRUE,TRUE,FALSE,FALSE,FALSE,[TBD],[TBD],[TBD],[TBD],[TBD],[TBD],[TBD],[TBD],[TBD]
prop_type,Categorical,strs,str,High-level type of property underlying ,"(auto_retail, auto_comm, re_resi, re_comm, sec_retail, sec_comm, other_retail, other_comm, equip_retail, equip_comm, unsec)",,TRUE,unique_value,property,FALSE,TRUE,TRUE,TRUE,FALSE,FALSE,FALSE,[TBD],[TBD],[TBD],[TBD],[TBD],[TBD],[TBD],[TBD],[TBD]
prop_type2,Categorical,strs,str,Sub-category specific to prop_category (ex. Prop_category = auto_retail ; prop_category2 = sedan; ex prop_category: re_comm; prop_category2 = office),NA,,TRUE,unique_value,property,FALSE,TRUE,TRUE,TRUE,FALSE,FALSE,FALSE,[TBD],[TBD],[TBD],[TBD],[TBD],[TBD],[TBD],[TBD],[TBD]
prop_make,Categorical,strs,str,Manufacturer of property securing loan,NA,,TRUE,unique_value,property_extended,FALSE,FALSE,FALSE,TRUE,FALSE,FALSE,FALSE,[TBD],[TBD],[TBD],[TBD],[TBD],[TBD],[TBD],[TBD],[TBD]
prop_model,Categorical,strs,str,Model of property securing loan,NA,,TRUE,unique_value,property_extended,FALSE,FALSE,FALSE,TRUE,FALSE,FALSE,FALSE,[TBD],[TBD],[TBD],[TBD],[TBD],[TBD],[TBD],[TBD],[TBD]
prop_year,Date,ints,np.int64,Year of manufacture for property securing loan,"(INT>0, None)",,TRUE,unique_value,property,FALSE,TRUE,TRUE,TRUE,FALSE,FALSE,FALSE,[TBD],[TBD],[TBD],[TBD],[TBD],[TBD],[TBD],[TBD],[TBD]
prop_depreciation_type_book,Categorical,strs,str,Type of deprecation calculation used,"(sl, ddb, acrs, marcs)",acrs,FALSE,None,None,FALSE,FALSE,FALSE,TRUE,FALSE,FALSE,FALSE,[TBD],[TBD],[TBD],[TBD],[TBD],[TBD],[TBD],[TBD],[TBD]
prop_depreciation_life_orig_book',Numeric,ints,np.int64,Useful life for book deprecation of property in months as of TERM_ORIGDATE,INT>=0,,FALSE,None,None,FALSE,FALSE,FALSE,TRUE,FALSE,FALSE,FALSE,[TBD],[TBD],[TBD],[TBD],[TBD],[TBD],[TBD],[TBD],[TBD]
prop_depreciation_life_rem_book,Numeric,ints,np.int64,Useful life remaining for book depreciation in months as of CUTOFFDATE,INT>=0,,FALSE,None,None,FALSE,FALSE,FALSE,TRUE,FALSE,FALSE,FALSE,[TBD],[TBD],[TBD],[TBD],[TBD],[TBD],[TBD],[TBD],[TBD]
prop_depreciation_life_orig_tax,Numeric,ints,np.int64,Useful life of property for tax depreciation in months as of TERM_ORIGDATE,INT>=0,,FALSE,None,None,FALSE,FALSE,FALSE,TRUE,FALSE,FALSE,FALSE,[TBD],[TBD],[TBD],[TBD],[TBD],[TBD],[TBD],[TBD],[TBD]
prop_depreciation_life_rem_tax,Numeric,ints,np.int64,Useful life remaining time for tax deprecation in months as of CUTOFFDATE,INT>=0,,FALSE,None,None,FALSE,FALSE,FALSE,TRUE,FALSE,FALSE,FALSE,[TBD],[TBD],[TBD],[TBD],[TBD],[TBD],[TBD],[TBD],[TBD]
prop_depreciation_value_book,Numeric,arrays,np.array,A vector of values containing the depreciated value of the asset in each payment period beginning TERM_ORIGDATE and ending TERM_MATDATE.  IF only one value is given it will be assumed to be TERM_ORIGDAATE,FLOAT>=0,,FALSE,None,None,FALSE,FALSE,FALSE,TRUE,FALSE,FALSE,FALSE,[TBD],[TBD],[TBD],[TBD],[TBD],[TBD],[TBD],[TBD],[TBD]
prop_depreciation_value_tax,Numeric,arrays,np.array,A vector of values containing the depreciated value of the asset in each payment period beginning TERM_ORIGDATE and ending TERM_MATDATE.  IF only one value is given it will be assumed to be TERM_ORIGDAATE,FLOAT>=0,,FALSE,None,None,FALSE,FALSE,FALSE,TRUE,FALSE,FALSE,FALSE,[TBD],[TBD],[TBD],[TBD],[TBD],[TBD],[TBD],[TBD],[TBD]
ins_company_name,Categorical,strs,str,Name of company insuring collateral.  Should match INS_COMPANY_CODE,NA,,TRUE,unique_value,property_extended,FALSE,TRUE,TRUE,TRUE,FALSE,FALSE,FALSE,[TBD],[TBD],[TBD],[TBD],[TBD],[TBD],[TBD],[TBD],[TBD]
ins_flag,Flag,bools,bool,Flag for identifying insurance coverage against property,TRUE; FALSE; Y; N; T; F; 1; 0,,TRUE,unique_value,property_extended,FALSE,TRUE,TRUE,TRUE,FALSE,FALSE,FALSE,[TBD],[TBD],[TBD],[TBD],[TBD],[TBD],[TBD],[TBD],[TBD]
ins_coverage,Numeric,floats,np.float64,Amount of coverage provided by INS_COMPANY_NAME for property,FLOAT(03)>=0,,TRUE,bucket_auto,property_extended,FALSE,TRUE,TRUE,TRUE,FALSE,FALSE,FALSE,[TBD],[TBD],[TBD],[TBD],[TBD],[TBD],[TBD],[TBD],[TBD]
ins_charge,Numeric,floats,np.float64,Amount of insurance premium in dollars (or local currency) or percentage balance,FLOAT(02)>=0,,FALSE,None,None,FALSE,TRUE,TRUE,TRUE,FALSE,FALSE,FALSE,[TBD],[TBD],[TBD],[TBD],[TBD],[TBD],[TBD],[TBD],[TBD]
ins_charge_type,Categorical,strs,str,Type of insurance payment charge,"(dollar, pct_bal_orig, pct_prop_value)",,FALSE,None,None,FALSE,TRUE,TRUE,TRUE,FALSE,FALSE,FALSE,[TBD],[TBD],[TBD],[TBD],[TBD],[TBD],[TBD],[TBD],[TBD]
mod_flag,Flag,bools,bool,"Boolean indicator of whether or not the loan has been modified from its original terms.  If this is TRUE then cash flows will be driven from fields beginning with ""MOD_""","(TRUE, FALSE, Y, N, T, F, 1, 0)",,TRUE,unique_value,,TRUE,TRUE,TRUE,TRUE,TRUE,TRUE,TRUE,[TBD],[TBD],[TBD],[TBD],[TBD],[TBD],[TBD],[TBD],[TBD]
mod_date_start,Date,dates,datetime.date,YYYY-MM-DD on which the modifications begin (i.e. when are the modifications actually effective),"(YYYY-MM-DD, None)",,FALSE,None,None,TRUE,TRUE,TRUE,TRUE,TRUE,TRUE,TRUE,[TBD],[TBD],[TBD],[TBD],[TBD],[TBD],[TBD],[TBD],[TBD]
mod_type,Categorical,strs,str,"The type of assistance plan that the borrower is enrolled in that provides temporary payment relief or an opportunity to cure a delinquency over a defined period. 
¥  Forbearance Plan - An agreement between the servicer and the borrower that reflects the terms of the forbearance, including whether the borrower may make either reduced or no monthly payments for a specific period. 
¥  Repayment Plan -An agreement between the servicer and a borrower that gives the borrower a defined period to reinstate the mortgage by paying normal regular payments plus an additional agreed upon amount in repayment of the delinquency. 
¥  Trial Period Plan - An agreement, generally lasting three months, that allows the servicer to test the borrower's ability to make a modified loan payment before finalizing the modification. 
¥  Other Workout Plan - The borrower is enrolled in a plan other than a forbearance plan, a repayment plan or a trial period plan. 
¥  No Workout Plan - The borrower is not enrolled in an alternate plan. 
¥  Not Applicable - A Borrower Assistance Plan is not applicable for the related mortgage loan. 
¥  Not Available - A Borrower Assistance Plan is not available for disclosure.",[TBD],,TRUE,unique_value,,TRUE,TRUE,TRUE,TRUE,TRUE,TRUE,TRUE,[TBD],[TBD],[TBD],[TBD],[TBD],[TBD],[TBD],[TBD],[TBD]
mod_rate_type,Categorical,strs,str,Temporary or permanent rate modification,,,FALSE,None,None,TRUE,TRUE,TRUE,TRUE,TRUE,TRUE,TRUE,[TBD],[TBD],[TBD],[TBD],[TBD],[TBD],[TBD],[TBD],[TBD]
mod_rate_margin,Numeric,floats,np.float64,Modified rate margin beginning on MOD_DATE_START and ending at the end of MOD_TERM_REM,FLOAT(03)>=0,,TRUE,bucket_auto,,TRUE,TRUE,TRUE,TRUE,TRUE,TRUE,TRUE,[TBD],[TBD],[TBD],[TBD],[TBD],[TBD],[TBD],[TBD],[TBD]
mod_term_orig,Numeric,ints,np.int64,Total term of the loan after modification ,,,TRUE,bucket_auto,,,,,,,,,[TBD],[TBD],[TBD],[TBD],[TBD],[TBD],[TBD],[TBD],[TBD]
mod_term_rem,Numeric,ints,np.int64,Remaining term left on the loan after MOD_DATE_START,,,TRUE,bucket_auto,,TRUE,TRUE,TRUE,TRUE,TRUE,TRUE,TRUE,[TBD],[TBD],[TBD],[TBD],[TBD],[TBD],[TBD],[TBD],[TBD]
mod_bal_curr,Numeric,floats,np.float64,"The modified balance of the loan due after MOD_DATE_START.  If principal forgiveness is part of the modification, this is the new balance after principal forgiveness",,,TRUE,bucket_auto,,TRUE,TRUE,TRUE,TRUE,TRUE,TRUE,TRUE,[TBD],[TBD],[TBD],[TBD],[TBD],[TBD],[TBD],[TBD],[TBD]
mod_pmt_sched,Numeric,arrays,np.array,Optional vector that contains the payments due under the modification agreement beginning on MOD_DATE_START.  These payments will either be made on regularly scheduled dates as calcualted or on MOD_PMT_DATES,FLOAT>0,calc_auto,FALSE,None,None,TRUE,TRUE,TRUE,TRUE,TRUE,TRUE,TRUE,[TBD],[TBD],[TBD],[TBD],[TBD],[TBD],[TBD],[TBD],[TBD]
mod_pmt_dates,Date,arrays,np.array,Optional vector that contains the dates on which payments due under the modification agreement beginning on MOD_DATE_START.  ,"(YYYY-MM-DD, None)",calc_auto,FALSE,None,None,TRUE,TRUE,TRUE,TRUE,TRUE,TRUE,TRUE,[TBD],[TBD],[TBD],[TBD],[TBD],[TBD],[TBD],[TBD],[TBD]
svc_name,Categorical,strs,str,Name of entity which us primairly responsible for servicing and collections,NA,,TRUE,unique_value,,TRUE,TRUE,TRUE,TRUE,TRUE,TRUE,TRUE,[TBD],[TBD],[TBD],[TBD],[TBD],[TBD],[TBD],[TBD],[TBD]
svc_fee_type,Categorical,strs,str,Type of servicing fee.  This will drive how the servicing fee is actually calculated.,"(dollar_flat, dollar_unit, dollar_balance, pct_bal_beg, pct_bal_end)",,FALSE,None,None,TRUE,TRUE,TRUE,TRUE,TRUE,TRUE,TRUE,[TBD],[TBD],[TBD],[TBD],[TBD],[TBD],[TBD],[TBD],[TBD]
svc_fee_gross,Numeric,floats,np.float64,Gross amount used to generate total servicing fees ,FLOAT(03)>=0,,TRUE,bucket_auto,,TRUE,TRUE,TRUE,TRUE,TRUE,TRUE,TRUE,[TBD],[TBD],[TBD],[TBD],[TBD],[TBD],[TBD],[TBD],[TBD]
svc_fee_net,Numeric,floats,np.float64,"Total servicing fee net of (i) any sub-servicing fees, (ii) any guarantee fee, (iii) any lender paid insurance, (iv) any other components of SVC_FEE_GROSS to which the parent servicer is not entiteled",FLOAT(03)>=0,,TRUE,bucket_auto,,TRUE,TRUE,TRUE,TRUE,TRUE,TRUE,TRUE,[TBD],[TBD],[TBD],[TBD],[TBD],[TBD],[TBD],[TBD],[TBD]
svc_fee_gtee,Numeric,floats,np.float64,,FLOAT(03)>=0,,TRUE,bucket_auto,,FALSE,TRUE,TRUE,FALSE,FALSE,FALSE,FALSE,[TBD],[TBD],[TBD],[TBD],[TBD],[TBD],[TBD],[TBD],[TBD]
svc_fee_late,Numeric,floats,np.float64,The amount of any late payment due,FLOAT(03)>=0,,FALSE,None,None,TRUE,TRUE,TRUE,TRUE,TRUE,TRUE,TRUE,[TBD],[TBD],[TBD],[TBD],[TBD],[TBD],[TBD],[TBD],[TBD]
svc_fee_late_type,Categorical,strs,str,The type of late fee charged for collections,"(dollar_reg, dollar_late, pct_reg_bal_beg, pct_reg_bal_end)",,FALSE,None,None,TRUE,TRUE,TRUE,TRUE,TRUE,TRUE,TRUE,[TBD],[TBD],[TBD],[TBD],[TBD],[TBD],[TBD],[TBD],[TBD]
svc_fee_pmt,Numeric,floats,np.float64,The amount of any fees applied ,FLOAT(03)>=0,,FALSE,None,None,TRUE,TRUE,TRUE,TRUE,TRUE,TRUE,TRUE,[TBD],[TBD],[TBD],[TBD],[TBD],[TBD],[TBD],[TBD],[TBD]
svc_fee_pmt_type,Categorical,strs,str,A list of all payment types to which SVC_FEE_PMT is applied ,NA,,FALSE,None,None,TRUE,TRUE,TRUE,TRUE,TRUE,TRUE,TRUE,[TBD],[TBD],[TBD],[TBD],[TBD],[TBD],[TBD],[TBD],[TBD]
svc_fee_pmt2,Numeric,floats,np.float64,The amount of any fees applied ,FLOAT(03)>=0,,FALSE,None,None,TRUE,TRUE,TRUE,TRUE,TRUE,TRUE,TRUE,[TBD],[TBD],[TBD],[TBD],[TBD],[TBD],[TBD],[TBD],[TBD]
svc_fee_pmt2_type,Categorical,strs,str,A list of all payment types to which SVC_FEE_PMT2 is applied ,NA,,FALSE,None,None,TRUE,TRUE,TRUE,TRUE,TRUE,TRUE,TRUE,[TBD],[TBD],[TBD],[TBD],[TBD],[TBD],[TBD],[TBD],[TBD]
svc_fee_pmt3,Numeric,floats,np.float64,The amount of any fees applied ,FLOAT(03)>=0,,FALSE,None,None,TRUE,TRUE,TRUE,TRUE,TRUE,TRUE,TRUE,[TBD],[TBD],[TBD],[TBD],[TBD],[TBD],[TBD],[TBD],[TBD]
svc_fee_pmt3_type,Categorical,strs,str,A list of all payment types to which SVC_FEE_PMTw is applied ,NA,,FALSE,None,None,TRUE,TRUE,TRUE,TRUE,TRUE,TRUE,TRUE,[TBD],[TBD],[TBD],[TBD],[TBD],[TBD],[TBD],[TBD],[TBD]
svc_adv_type,Categorical,strs,str,"Type of servicing advances required: P&I, T&I, PI&TI","(PI, TI, PITI)",,TRUE,unique_value,,TRUE,TRUE,TRUE,TRUE,TRUE,TRUE,TRUE,[TBD],[TBD],[TBD],[TBD],[TBD],[TBD],[TBD],[TBD],[TBD]
svc_adv_balrec,Numeric,floats,np.float64,"Servicing Advance balance which is recoverable in $x,xx.0.00 format as of CUTOFFDATE",FLOAT(02)>=0,,TRUE,bucket_auto,,TRUE,TRUE,TRUE,TRUE,TRUE,TRUE,TRUE,[TBD],[TBD],[TBD],[TBD],[TBD],[TBD],[TBD],[TBD],[TBD]
svc_adv_balnorec,Numeric,floats,np.float64,"Servicing Advance balance which is NOT recoverable in $x,xx.0.00 format as of CUTOFFDATE",FLOAT(02)>=0,,TRUE,bucket_auto,,TRUE,TRUE,TRUE,TRUE,TRUE,TRUE,TRUE,[TBD],[TBD],[TBD],[TBD],[TBD],[TBD],[TBD],[TBD],[TBD]
svc_adv_tp_balrec,Numeric,floats,np.float64,"Servicing Advance balance which relate to third party in $x,xx.0.00 format as of CUTOFFDATE",FLOAT(02)>=0,,TRUE,bucket_auto,,TRUE,TRUE,TRUE,TRUE,TRUE,TRUE,TRUE,[TBD],[TBD],[TBD],[TBD],[TBD],[TBD],[TBD],[TBD],[TBD]
svc_rate_pt,Numeric ,floats,np.float64,Total servicing expense as percentage of beginning period balance used to calcualte the Pass Through Rate ,FLOAT(03)>=0,,TRUE,bucket_auto,,TRUE,TRUE,TRUE,TRUE,TRUE,TRUE,TRUE,[TBD],[TBD],[TBD],[TBD],[TBD],[TBD],[TBD],[TBD],[TBD]
svc_sub_name,Categorical,strs,str,Subservicer Legal name ,NA,,TRUE,unique_value,,TRUE,TRUE,TRUE,TRUE,TRUE,TRUE,TRUE,[TBD],[TBD],[TBD],[TBD],[TBD],[TBD],[TBD],[TBD],[TBD]
svc_sub_fee_type,Categorical,strs,str,The type of late fee charged by the sub servicer for collections,"(dollar_reg, dollar_late, pct_reg_bal_beg, pct_reg_bal_end)",,TRUE,unique_value,,TRUE,TRUE,TRUE,TRUE,TRUE,TRUE,TRUE,[TBD],[TBD],[TBD],[TBD],[TBD],[TBD],[TBD],[TBD],[TBD]
svc_sub_fee_gross,Numeric,floats,np.float64,The amount of any fees applied ,FLOAT(03)>=0,,TRUE,bucket_auto,,TRUE,TRUE,TRUE,TRUE,TRUE,TRUE,TRUE,[TBD],[TBD],[TBD],[TBD],[TBD],[TBD],[TBD],[TBD],[TBD]
svc_sub_fee2_type,Categorical,strs,str,The type of late fee charged by the sub servicer for collections,"(dollar_reg, dollar_late, pct_reg_bal_beg, pct_reg_bal_end)",,FALSE,None,None,TRUE,TRUE,TRUE,TRUE,TRUE,TRUE,TRUE,[TBD],[TBD],[TBD],[TBD],[TBD],[TBD],[TBD],[TBD],[TBD]
svc_sub_fee2_gross,Numeric,floats,np.float64,The amount of any fees applied ,FLOAT(03)>=0,,FALSE,None,None,TRUE,TRUE,TRUE,TRUE,TRUE,TRUE,TRUE,[TBD],[TBD],[TBD],[TBD],[TBD],[TBD],[TBD],[TBD],[TBD]
bk_status,Categorical,strs,str,,,,TRUE,unique_value,,TRUE,TRUE,TRUE,TRUE,TRUE,TRUE,TRUE,[TBD],[TBD],[TBD],[TBD],[TBD],[TBD],[TBD],[TBD],[TBD]
bk_type,Categorical,ints,np.int64,The type of bankruptcy related to the loan / asset / borrower if BK_STATUS is not FALSE,"(7,9,11)",,TRUE,unique_value,,TRUE,TRUE,TRUE,TRUE,TRUE,TRUE,TRUE,[TBD],[TBD],[TBD],[TBD],[TBD],[TBD],[TBD],[TBD],[TBD]
bk_startdate,Date,dates,datetime.date,Date on which bankruptcy proceedings were started,YYYY-MM-DD,,FALSE,None,None,TRUE,TRUE,TRUE,TRUE,TRUE,TRUE,TRUE,[TBD],[TBD],[TBD],[TBD],[TBD],[TBD],[TBD],[TBD],[TBD]
bk_disdate,Date,dates,datetime.date,Date on which bankruptcy was discharged,YYYY-MM-DD,,FALSE,None,None,TRUE,TRUE,TRUE,TRUE,TRUE,TRUE,TRUE,[TBD],[TBD],[TBD],[TBD],[TBD],[TBD],[TBD],[TBD],[TBD]
fc_status,Categorical,strs,str,Indicator showing foreclosure status,,,TRUE,unique_value,,FALSE,TRUE,TRUE,TRUE,FALSE,FALSE,FALSE,[TBD],[TBD],[TBD],[TBD],[TBD],[TBD],[TBD],[TBD],[TBD]
fc_startdate,Date,dates,datetime.date,Date on which foreclosure proceedings were started,,,FALSE,None,None,FALSE,TRUE,TRUE,TRUE,FALSE,FALSE,FALSE,[TBD],[TBD],[TBD],[TBD],[TBD],[TBD],[TBD],[TBD],[TBD]
fc_sale_date,Date,dates,datetime.date,Date of foreclosure sale,>fc_startdate,,FALSE,None,None,FALSE,TRUE,TRUE,TRUE,FALSE,FALSE,FALSE,[TBD],[TBD],[TBD],[TBD],[TBD],[TBD],[TBD],[TBD],[TBD]
fc_sale_value,Numeric,floats,np.float64,Sale price of collateral on FC_SALE_DATE,,,FALSE,None,None,FALSE,TRUE,TRUE,TRUE,FALSE,FALSE,FALSE,[TBD],[TBD],[TBD],[TBD],[TBD],[TBD],[TBD],[TBD],[TBD]
esc_currbal,Numeric,floats,np.float64,Current balance of escrow account (if any) as of CUTOFFDATE,,,TRUE,bucket_auto,,FALSE,TRUE,TRUE,TRUE,FALSE,FALSE,FALSE,[TBD],[TBD],[TBD],[TBD],[TBD],[TBD],[TBD],[TBD],[TBD]
flag_runcf,Flag,bools,bool,Flag indicates whether scheduled cash flow has been run,"(TRUE, FALSE, Y, N, T, F, 1, 0)",,FALSE,None,None,[TBD],[TBD],[TBD],[TBD],[TBD],[TBD],[TBD],[TBD],[TBD],[TBD],[TBD],[TBD],[TBD],[TBD],[TBD],[TBD]
flag_ integrity_data,Flag,bools,bool,Flag indicates whether data integrity checking has been fun ,"(TRUE, FALSE, Y, N, T, F, 1, 0)",,FALSE,None,None,[TBD],[TBD],[TBD],[TBD],[TBD],[TBD],[TBD],[TBD],[TBD],[TBD],[TBD],[TBD],[TBD],[TBD],[TBD],[TBD]
flag_integrity_type,Flag,bools,bool,Flag indicates whether type integrity checking has been fun ,"(TRUE, FALSE, Y, N, T, F, 1, 0)",,FALSE,None,None,[TBD],[TBD],[TBD],[TBD],[TBD],[TBD],[TBD],[TBD],[TBD],[TBD],[TBD],[TBD],[TBD],[TBD],[TBD],[TBD]
flag_paydate,Flag,dates,datetime.date,[TBU],YYYY-MM-DD >= cutoffdate,,FALSE,None,None,[TBD],[TBD],[TBD],[TBD],[TBD],[TBD],[TBD],[TBD],[TBD],[TBD],[TBD],[TBD],[TBD],[TBD],[TBD],[TBD]
flag_rateget,Flag,dates,datetime.date,Date-Time stamp on which rates were laset fetched,YYYY-MM-DD >= cutoffdate,,FALSE,None,None,[TBD],[TBD],[TBD],[TBD],[TBD],[TBD],[TBD],[TBD],[TBD],[TBD],[TBD],[TBD],[TBD],[TBD],[TBD],[TBD]
uw_tib,Numeric,floats,np.float64,Total time that a commercial borrower has been in business,[TBD],[TBD],[TBD],[TBD],[TBD],FALSE,FALSE,FALSE,FALSE,FALSE,FALSE,FALSE,TRUE,TRUE,TRUE,TRUE,TRUE,TRUE,TRUE,TRUE,TRUE
uw_naics,Categorical,ints,np.int64,NAICS identifier for commercial borrower,[TBD],[TBD],[TBD],[TBD],[TBD],FALSE,FALSE,FALSE,FALSE,FALSE,FALSE,FALSE,TRUE,TRUE,TRUE,TRUE,TRUE,TRUE,TRUE,TRUE,TRUE
uw_corpname,Categorical,strs,str,Legal Name of commercial borrower,[TBD],[TBD],[TBD],[TBD],[TBD],FALSE,FALSE,FALSE,FALSE,FALSE,FALSE,FALSE,TRUE,TRUE,TRUE,TRUE,TRUE,TRUE,TRUE,TRUE,TRUE
uw_lev_debt_to_ebit,Numeric,floats,np.float64,[COMMERCIAL TBU],[TBD],[TBD],[TBD],[TBD],[TBD],FALSE,FALSE,FALSE,FALSE,FALSE,FALSE,FALSE,#VALUE!,[TBD],[TBD],[TBD],[TBD],[TBD],[TBD],[TBD],[TBD]
uw_lev_debt_to_ebitda,Numeric,floats,np.float64,[COMMERCIAL TBU],[TBD],[TBD],[TBD],[TBD],[TBD],FALSE,FALSE,FALSE,FALSE,FALSE,FALSE,FALSE,#VALUE!,[TBD],[TBD],[TBD],[TBD],[TBD],[TBD],[TBD],[TBD]
uw_lev_debt_to_ebitdar,Numeric,floats,np.float64,[COMMERCIAL TBU],[TBD],[TBD],[TBD],[TBD],[TBD],FALSE,FALSE,FALSE,FALSE,FALSE,FALSE,FALSE,#VALUE!,[TBD],[TBD],[TBD],[TBD],[TBD],[TBD],[TBD],[TBD]
uw_lev_debt_to_ffo,Numeric,floats,np.float64,[COMMERCIAL TBU],[TBD],[TBD],[TBD],[TBD],[TBD],FALSE,FALSE,FALSE,FALSE,FALSE,FALSE,FALSE,TRUE,TRUE,[TBD],[TBD],[TBD],[TBD],[TBD],[TBD],[TBD]
uw_lev_debt_to_nopat,Numeric,floats,np.float64,[COMMERCIAL TBU],[TBD],[TBD],[TBD],[TBD],[TBD],FALSE,FALSE,FALSE,FALSE,FALSE,FALSE,FALSE,TRUE,TRUE,[TBD],[TBD],[TBD],[TBD],[TBD],[TBD],[TBD]
uw_lev_debt_to_assets,Numeric,floats,np.float64,[COMMERCIAL TBU],[TBD],[TBD],[TBD],[TBD],[TBD],FALSE,FALSE,FALSE,FALSE,FALSE,FALSE,FALSE,TRUE,TRUE,[TBD],[TBD],[TBD],[TBD],[TBD],[TBD],[TBD]
uw_lev_debt_to_equity,Numeric,floats,np.float64,[COMMERCIAL TBU],[TBD],[TBD],[TBD],[TBD],[TBD],FALSE,FALSE,FALSE,FALSE,FALSE,FALSE,FALSE,#VALUE!,[TBD],[TBD],[TBD],[TBD],[TBD],[TBD],[TBD],[TBD]
uw_lev_debt_to_capital,Numeric,floats,np.float64,[COMMERCIAL TBU],[TBD],[TBD],[TBD],[TBD],[TBD],FALSE,FALSE,FALSE,FALSE,FALSE,FALSE,FALSE,#VALUE!,[TBD],[TBD],[TBD],[TBD],[TBD],[TBD],[TBD],[TBD]
uw_lev_debt_to_ev,Numeric,floats,np.float64,[COMMERCIAL TBU],[TBD],[TBD],[TBD],[TBD],[TBD],FALSE,FALSE,FALSE,FALSE,FALSE,FALSE,FALSE,#VALUE!,[TBD],[TBD],[TBD],[TBD],[TBD],[TBD],[TBD],[TBD]
uw_lev_netdebt_to_ebit,Numeric,floats,np.float64,[COMMERCIAL TBU],[TBD],[TBD],[TBD],[TBD],[TBD],FALSE,FALSE,FALSE,FALSE,FALSE,FALSE,FALSE,FALSE,FALSE,[TBD],[TBD],[TBD],[TBD],[TBD],[TBD],[TBD]
uw_lev_netdebt_to_ebitda,Numeric,floats,np.float64,[COMMERCIAL TBU],[TBD],[TBD],[TBD],[TBD],[TBD],FALSE,FALSE,FALSE,FALSE,FALSE,FALSE,FALSE,FALSE,FALSE,[TBD],[TBD],[TBD],[TBD],[TBD],[TBD],[TBD]
uw_lev_netdebt_to_ebitdar,Numeric,floats,np.float64,[COMMERCIAL TBU],[TBD],[TBD],[TBD],[TBD],[TBD],FALSE,FALSE,FALSE,FALSE,FALSE,FALSE,FALSE,FALSE,FALSE,[TBD],[TBD],[TBD],[TBD],[TBD],[TBD],[TBD]
uw_lev_netdebt_to_nopat,Numeric,floats,np.float64,[COMMERCIAL TBU],[TBD],[TBD],[TBD],[TBD],[TBD],FALSE,FALSE,FALSE,FALSE,FALSE,FALSE,FALSE,FALSE,FALSE,[TBD],[TBD],[TBD],[TBD],[TBD],[TBD],[TBD]
uw_lev_netdebt_to_assets,Numeric,floats,np.float64,[COMMERCIAL TBU],[TBD],[TBD],[TBD],[TBD],[TBD],FALSE,FALSE,FALSE,FALSE,FALSE,FALSE,FALSE,FALSE,FALSE,[TBD],[TBD],[TBD],[TBD],[TBD],[TBD],[TBD]
uw_lev_netdebt_to_equity,Numeric,floats,np.float64,[COMMERCIAL TBU],[TBD],[TBD],[TBD],[TBD],[TBD],FALSE,FALSE,FALSE,FALSE,FALSE,FALSE,FALSE,FALSE,FALSE,[TBD],[TBD],[TBD],[TBD],[TBD],[TBD],[TBD]
uw_lev_netdebt_to_capital,Numeric,floats,np.float64,[COMMERCIAL TBU],[TBD],[TBD],[TBD],[TBD],[TBD],FALSE,FALSE,FALSE,FALSE,FALSE,FALSE,FALSE,FALSE,FALSE,[TBD],[TBD],[TBD],[TBD],[TBD],[TBD],[TBD]
uw_lev_netdebt_to_ev,Numeric,floats,np.float64,[COMMERCIAL TBU],[TBD],[TBD],[TBD],[TBD],[TBD],FALSE,FALSE,FALSE,FALSE,FALSE,FALSE,FALSE,FALSE,FALSE,[TBD],[TBD],[TBD],[TBD],[TBD],[TBD],[TBD]
uw_lev_stdebt_to_ebit,Numeric,floats,np.float64,[COMMERCIAL TBU],[TBD],[TBD],[TBD],[TBD],[TBD],FALSE,FALSE,FALSE,FALSE,FALSE,FALSE,FALSE,FALSE,FALSE,[TBD],[TBD],[TBD],[TBD],[TBD],[TBD],[TBD]
uw_lev_stdebt_to_ebitda,Numeric,floats,np.float64,[COMMERCIAL TBU],[TBD],[TBD],[TBD],[TBD],[TBD],FALSE,FALSE,FALSE,FALSE,FALSE,FALSE,FALSE,FALSE,FALSE,[TBD],[TBD],[TBD],[TBD],[TBD],[TBD],[TBD]
uw_lev_stdebt_to_ebitdar,Numeric,floats,np.float64,[COMMERCIAL TBU],[TBD],[TBD],[TBD],[TBD],[TBD],FALSE,FALSE,FALSE,FALSE,FALSE,FALSE,FALSE,FALSE,FALSE,[TBD],[TBD],[TBD],[TBD],[TBD],[TBD],[TBD]
uw_lev_stdebt_to_nopat,Numeric,floats,np.float64,[COMMERCIAL TBU],[TBD],[TBD],[TBD],[TBD],[TBD],FALSE,FALSE,FALSE,FALSE,FALSE,FALSE,FALSE,FALSE,FALSE,[TBD],[TBD],[TBD],[TBD],[TBD],[TBD],[TBD]
uw_lev_stdebt_to_assets,Numeric,floats,np.float64,[COMMERCIAL TBU],[TBD],[TBD],[TBD],[TBD],[TBD],FALSE,FALSE,FALSE,FALSE,FALSE,FALSE,FALSE,FALSE,FALSE,[TBD],[TBD],[TBD],[TBD],[TBD],[TBD],[TBD]
uw_lev_stdebt_to_equity,Numeric,floats,np.float64,[COMMERCIAL TBU],[TBD],[TBD],[TBD],[TBD],[TBD],FALSE,FALSE,FALSE,FALSE,FALSE,FALSE,FALSE,FALSE,FALSE,[TBD],[TBD],[TBD],[TBD],[TBD],[TBD],[TBD]
uw_lev_stdebt_to_capital,Numeric,floats,np.float64,[COMMERCIAL TBU],[TBD],[TBD],[TBD],[TBD],[TBD],FALSE,FALSE,FALSE,FALSE,FALSE,FALSE,FALSE,FALSE,FALSE,[TBD],[TBD],[TBD],[TBD],[TBD],[TBD],[TBD]
uw_lev_stdebt_to_ev,Numeric,floats,np.float64,[COMMERCIAL TBU],[TBD],[TBD],[TBD],[TBD],[TBD],FALSE,FALSE,FALSE,FALSE,FALSE,FALSE,FALSE,FALSE,FALSE,[TBD],[TBD],[TBD],[TBD],[TBD],[TBD],[TBD]
uw_lev_ltdebt_to_ebit,Numeric,floats,np.float64,[COMMERCIAL TBU],[TBD],[TBD],[TBD],[TBD],[TBD],FALSE,FALSE,FALSE,FALSE,FALSE,FALSE,FALSE,FALSE,FALSE,[TBD],[TBD],[TBD],[TBD],[TBD],[TBD],[TBD]
uw_lev_ltdebt_to_ebitda,Numeric,floats,np.float64,[COMMERCIAL TBU],[TBD],[TBD],[TBD],[TBD],[TBD],FALSE,FALSE,FALSE,FALSE,FALSE,FALSE,FALSE,FALSE,FALSE,[TBD],[TBD],[TBD],[TBD],[TBD],[TBD],[TBD]
uw_lev_ltdebt_to_ebitdar,Numeric,floats,np.float64,[COMMERCIAL TBU],[TBD],[TBD],[TBD],[TBD],[TBD],FALSE,FALSE,FALSE,FALSE,FALSE,FALSE,FALSE,FALSE,FALSE,[TBD],[TBD],[TBD],[TBD],[TBD],[TBD],[TBD]
uw_lev_ltdebt_to_nopat,Numeric,floats,np.float64,[COMMERCIAL TBU],[TBD],[TBD],[TBD],[TBD],[TBD],FALSE,FALSE,FALSE,FALSE,FALSE,FALSE,FALSE,FALSE,FALSE,[TBD],[TBD],[TBD],[TBD],[TBD],[TBD],[TBD]
uw_lev_ltdebt_to_assets,Numeric,floats,np.float64,[COMMERCIAL TBU],[TBD],[TBD],[TBD],[TBD],[TBD],FALSE,FALSE,FALSE,FALSE,FALSE,FALSE,FALSE,FALSE,FALSE,[TBD],[TBD],[TBD],[TBD],[TBD],[TBD],[TBD]
uw_lev_ltdebt_to_equity,Numeric,floats,np.float64,[COMMERCIAL TBU],[TBD],[TBD],[TBD],[TBD],[TBD],FALSE,FALSE,FALSE,FALSE,FALSE,FALSE,FALSE,FALSE,FALSE,[TBD],[TBD],[TBD],[TBD],[TBD],[TBD],[TBD]
uw_lev_ltdebt_to_capital,Numeric,floats,np.float64,[COMMERCIAL TBU],[TBD],[TBD],[TBD],[TBD],[TBD],FALSE,FALSE,FALSE,FALSE,FALSE,FALSE,FALSE,FALSE,FALSE,[TBD],[TBD],[TBD],[TBD],[TBD],[TBD],[TBD]
uw_lev_ltdebt_to_ev,Numeric,floats,np.float64,[COMMERCIAL TBU],[TBD],[TBD],[TBD],[TBD],[TBD],FALSE,FALSE,FALSE,FALSE,FALSE,FALSE,FALSE,FALSE,FALSE,[TBD],[TBD],[TBD],[TBD],[TBD],[TBD],[TBD]
uw_cov_ebit_to_interest,Numeric,floats,np.float64,[COMMERCIAL TBU],[TBD],[TBD],[TBD],[TBD],[TBD],FALSE,FALSE,FALSE,FALSE,FALSE,FALSE,FALSE,TRUE,TRUE,[TBD],[TBD],[TBD],[TBD],[TBD],[TBD],[TBD]
uw_cov_ebitda_to_interest,Numeric,floats,np.float64,[COMMERCIAL TBU],[TBD],[TBD],[TBD],[TBD],[TBD],FALSE,FALSE,FALSE,FALSE,FALSE,FALSE,FALSE,TRUE,TRUE,[TBD],[TBD],[TBD],[TBD],[TBD],[TBD],[TBD]
uw_cov_ebitdar_to_interest,Numeric,floats,np.float64,[COMMERCIAL TBU],[TBD],[TBD],[TBD],[TBD],[TBD],FALSE,FALSE,FALSE,FALSE,FALSE,FALSE,FALSE,TRUE,TRUE,[TBD],[TBD],[TBD],[TBD],[TBD],[TBD],[TBD]
uw_cov_ffo_to_interest,Numeric,floats,np.float64,[COMMERCIAL TBU],[TBD],[TBD],[TBD],[TBD],[TBD],FALSE,FALSE,FALSE,FALSE,FALSE,FALSE,FALSE,TRUE,TRUE,[TBD],[TBD],[TBD],[TBD],[TBD],[TBD],[TBD]
uw_cov_fcf_to_interest,Numeric,floats,np.float64,[COMMERCIAL TBU],[TBD],[TBD],[TBD],[TBD],[TBD],FALSE,FALSE,FALSE,FALSE,FALSE,FALSE,FALSE,TRUE,TRUE,[TBD],[TBD],[TBD],[TBD],[TBD],[TBD],[TBD]
uw_cov_ebit_to_adjinterest,Numeric,floats,np.float64,[COMMERCIAL TBU],[TBD],[TBD],[TBD],[TBD],[TBD],FALSE,FALSE,FALSE,FALSE,FALSE,FALSE,FALSE,FALSE,FALSE,[TBD],[TBD],[TBD],[TBD],[TBD],[TBD],[TBD]
uw_cov_ebitda_to_adjinterest,Numeric,floats,np.float64,[COMMERCIAL TBU],[TBD],[TBD],[TBD],[TBD],[TBD],FALSE,FALSE,FALSE,FALSE,FALSE,FALSE,FALSE,FALSE,FALSE,[TBD],[TBD],[TBD],[TBD],[TBD],[TBD],[TBD]
uw_cov_ebitdar_to_adjinterest,Numeric,floats,np.float64,[COMMERCIAL TBU],[TBD],[TBD],[TBD],[TBD],[TBD],FALSE,FALSE,FALSE,FALSE,FALSE,FALSE,FALSE,FALSE,FALSE,[TBD],[TBD],[TBD],[TBD],[TBD],[TBD],[TBD]
uw_cov_ffo_to_adjinterest,Numeric,floats,np.float64,[COMMERCIAL TBU],[TBD],[TBD],[TBD],[TBD],[TBD],FALSE,FALSE,FALSE,FALSE,FALSE,FALSE,FALSE,FALSE,FALSE,[TBD],[TBD],[TBD],[TBD],[TBD],[TBD],[TBD]
uw_cov_fcf_to_adjinterest,Numeric,floats,np.float64,[COMMERCIAL TBU],[TBD],[TBD],[TBD],[TBD],[TBD],FALSE,FALSE,FALSE,FALSE,FALSE,FALSE,FALSE,FALSE,FALSE,[TBD],[TBD],[TBD],[TBD],[TBD],[TBD],[TBD]
uw_cov_ebit_to_debtsvc,Numeric,floats,np.float64,[COMMERCIAL TBU],[TBD],[TBD],[TBD],[TBD],[TBD],FALSE,FALSE,FALSE,FALSE,FALSE,FALSE,FALSE,TRUE,TRUE,[TBD],[TBD],[TBD],[TBD],[TBD],[TBD],[TBD]
uw_cov_ebitda_to_debtsvc,Numeric,floats,np.float64,[COMMERCIAL TBU],[TBD],[TBD],[TBD],[TBD],[TBD],FALSE,FALSE,FALSE,FALSE,FALSE,FALSE,FALSE,TRUE,TRUE,[TBD],[TBD],[TBD],[TBD],[TBD],[TBD],[TBD]
uw_cov_ebitdar_to_debtsvc,Numeric,floats,np.float64,[COMMERCIAL TBU],[TBD],[TBD],[TBD],[TBD],[TBD],FALSE,FALSE,FALSE,FALSE,FALSE,FALSE,FALSE,TRUE,TRUE,[TBD],[TBD],[TBD],[TBD],[TBD],[TBD],[TBD]
uw_cov_ffo_to_debtsvc,Numeric,floats,np.float64,[COMMERCIAL TBU],[TBD],[TBD],[TBD],[TBD],[TBD],FALSE,FALSE,FALSE,FALSE,FALSE,FALSE,FALSE,TRUE,TRUE,[TBD],[TBD],[TBD],[TBD],[TBD],[TBD],[TBD]
uw_cov_fcf_to_debtsvc,Numeric,floats,np.float64,[COMMERCIAL TBU],[TBD],[TBD],[TBD],[TBD],[TBD],FALSE,FALSE,FALSE,FALSE,FALSE,FALSE,FALSE,TRUE,TRUE,[TBD],[TBD],[TBD],[TBD],[TBD],[TBD],[TBD]
uw_margin_gross,Numeric,floats,np.float64,[COMMERCIAL TBU],[TBD],[TBD],[TBD],[TBD],[TBD],FALSE,FALSE,FALSE,FALSE,FALSE,FALSE,FALSE,#VALUE!,[TBD],[TBD],[TBD],[TBD],[TBD],[TBD],[TBD],[TBD]
uw_margin_net,Numeric,floats,np.float64,[COMMERCIAL TBU],[TBD],[TBD],[TBD],[TBD],[TBD],FALSE,FALSE,FALSE,FALSE,FALSE,FALSE,FALSE,#VALUE!,[TBD],[TBD],[TBD],[TBD],[TBD],[TBD],[TBD],[TBD]
uw_margin_ebit,Numeric,floats,np.float64,[COMMERCIAL TBU],[TBD],[TBD],[TBD],[TBD],[TBD],FALSE,FALSE,FALSE,FALSE,FALSE,FALSE,FALSE,#VALUE!,[TBD],[TBD],[TBD],[TBD],[TBD],[TBD],[TBD],[TBD]
uw_margin_ebitda,Numeric,floats,np.float64,[COMMERCIAL TBU],[TBD],[TBD],[TBD],[TBD],[TBD],FALSE,FALSE,FALSE,FALSE,FALSE,FALSE,FALSE,#VALUE!,[TBD],[TBD],[TBD],[TBD],[TBD],[TBD],[TBD],[TBD]
uw_margin_ebitdar,Numeric,floats,np.float64,[COMMERCIAL TBU],[TBD],[TBD],[TBD],[TBD],[TBD],FALSE,FALSE,FALSE,FALSE,FALSE,FALSE,FALSE,#VALUE!,[TBD],[TBD],[TBD],[TBD],[TBD],[TBD],[TBD],[TBD]
uw_margin_nopat,Numeric,floats,np.float64,[COMMERCIAL TBU],[TBD],[TBD],[TBD],[TBD],[TBD],FALSE,FALSE,FALSE,FALSE,FALSE,FALSE,FALSE,#VALUE!,[TBD],[TBD],[TBD],[TBD],[TBD],[TBD],[TBD],[TBD]
uw_margin_ffo,Numeric,floats,np.float64,[COMMERCIAL TBU],[TBD],[TBD],[TBD],[TBD],[TBD],FALSE,FALSE,FALSE,FALSE,FALSE,FALSE,FALSE,#VALUE!,[TBD],[TBD],[TBD],[TBD],[TBD],[TBD],[TBD],[TBD]
uw_margin_ni,Numeric,floats,np.float64,[COMMERCIAL TBU],[TBD],[TBD],[TBD],[TBD],[TBD],FALSE,FALSE,FALSE,FALSE,FALSE,FALSE,FALSE,#VALUE!,[TBD],[TBD],[TBD],[TBD],[TBD],[TBD],[TBD],[TBD]
uw_ret_roaa,Numeric,floats,np.float64,[COMMERCIAL TBU],[TBD],[TBD],[TBD],[TBD],[TBD],FALSE,FALSE,FALSE,FALSE,FALSE,FALSE,FALSE,#VALUE!,[TBD],[TBD],[TBD],[TBD],[TBD],[TBD],[TBD],[TBD]
uw_ret_roae,Numeric,floats,np.float64,[COMMERCIAL TBU],[TBD],[TBD],[TBD],[TBD],[TBD],FALSE,FALSE,FALSE,FALSE,FALSE,FALSE,FALSE,#VALUE!,[TBD],[TBD],[TBD],[TBD],[TBD],[TBD],[TBD],[TBD]
uw_fin_sales,Numeric,floats,np.float64,[COMMERCIAL TBU],[TBD],[TBD],[TBD],[TBD],[TBD],FALSE,FALSE,FALSE,FALSE,FALSE,FALSE,FALSE,#VALUE!,[TBD],[TBD],[TBD],[TBD],[TBD],[TBD],[TBD],[TBD]
uw_fin_nopat,Numeric,floats,np.float64,[COMMERCIAL TBU],[TBD],[TBD],[TBD],[TBD],[TBD],FALSE,FALSE,FALSE,FALSE,FALSE,FALSE,FALSE,#VALUE!,[TBD],[TBD],[TBD],[TBD],[TBD],[TBD],[TBD],[TBD]
uw_fin_ebit,Numeric,floats,np.float64,[COMMERCIAL TBU],[TBD],[TBD],[TBD],[TBD],[TBD],FALSE,FALSE,FALSE,FALSE,FALSE,FALSE,FALSE,#VALUE!,[TBD],[TBD],[TBD],[TBD],[TBD],[TBD],[TBD],[TBD]
uw_fin_ebitda,Numeric,floats,np.float64,[COMMERCIAL TBU],[TBD],[TBD],[TBD],[TBD],[TBD],FALSE,FALSE,FALSE,FALSE,FALSE,FALSE,FALSE,#VALUE!,[TBD],[TBD],[TBD],[TBD],[TBD],[TBD],[TBD],[TBD]
uw_fin_ebitdar,Numeric,floats,np.float64,[COMMERCIAL TBU],[TBD],[TBD],[TBD],[TBD],[TBD],FALSE,FALSE,FALSE,FALSE,FALSE,FALSE,FALSE,#VALUE!,[TBD],[TBD],[TBD],[TBD],[TBD],[TBD],[TBD],[TBD]
uw_fin_ffo,Numeric,floats,np.float64,[COMMERCIAL TBU],[TBD],[TBD],[TBD],[TBD],[TBD],FALSE,FALSE,FALSE,FALSE,FALSE,FALSE,FALSE,#VALUE!,[TBD],[TBD],[TBD],[TBD],[TBD],[TBD],[TBD],[TBD]
uw_fin_assets,Numeric,floats,np.float64,[COMMERCIAL TBU],[TBD],[TBD],[TBD],[TBD],[TBD],FALSE,FALSE,FALSE,FALSE,FALSE,FALSE,FALSE,#VALUE!,[TBD],[TBD],[TBD],[TBD],[TBD],[TBD],[TBD],[TBD]
uw_fin_assets_intang,Numeric,floats,np.float64,[COMMERCIAL TBU],[TBD],[TBD],[TBD],[TBD],[TBD],FALSE,FALSE,FALSE,FALSE,FALSE,FALSE,FALSE,#VALUE!,[TBD],[TBD],[TBD],[TBD],[TBD],[TBD],[TBD],[TBD]
uw_fin_debt,Numeric,floats,np.float64,[COMMERCIAL TBU],[TBD],[TBD],[TBD],[TBD],[TBD],FALSE,FALSE,FALSE,FALSE,FALSE,FALSE,FALSE,#VALUE!,[TBD],[TBD],[TBD],[TBD],[TBD],[TBD],[TBD],[TBD]
uw_fin_debt_st,Numeric,floats,np.float64,[COMMERCIAL TBU],[TBD],[TBD],[TBD],[TBD],[TBD],FALSE,FALSE,FALSE,FALSE,FALSE,FALSE,FALSE,#VALUE!,[TBD],[TBD],[TBD],[TBD],[TBD],[TBD],[TBD],[TBD]
uw_fin_debt_lt,Numeric,floats,np.float64,[COMMERCIAL TBU],[TBD],[TBD],[TBD],[TBD],[TBD],FALSE,FALSE,FALSE,FALSE,FALSE,FALSE,FALSE,#VALUE!,[TBD],[TBD],[TBD],[TBD],[TBD],[TBD],[TBD],[TBD]
uw_fin_debt_pvleases,Numeric,floats,np.float64,[COMMERCIAL TBU],[TBD],[TBD],[TBD],[TBD],[TBD],FALSE,FALSE,FALSE,FALSE,FALSE,FALSE,FALSE,#VALUE!,[TBD],[TBD],[TBD],[TBD],[TBD],[TBD],[TBD],[TBD]
uw_fin_equity,Numeric,floats,np.float64,[COMMERCIAL TBU],[TBD],[TBD],[TBD],[TBD],[TBD],FALSE,FALSE,FALSE,FALSE,FALSE,FALSE,FALSE,#VALUE!,[TBD],[TBD],[TBD],[TBD],[TBD],[TBD],[TBD],[TBD]
uw_fin_equity_comm,Numeric,floats,np.float64,[COMMERCIAL TBU],[TBD],[TBD],[TBD],[TBD],[TBD],FALSE,FALSE,FALSE,FALSE,FALSE,FALSE,FALSE,#VALUE!,[TBD],[TBD],[TBD],[TBD],[TBD],[TBD],[TBD],[TBD]
uw_fin_equity_pref,Numeric,floats,np.float64,[COMMERCIAL TBU],[TBD],[TBD],[TBD],[TBD],[TBD],FALSE,FALSE,FALSE,FALSE,FALSE,FALSE,FALSE,#VALUE!,[TBD],[TBD],[TBD],[TBD],[TBD],[TBD],[TBD],[TBD]
uw_fin_equity_shares,Numeric,floats,np.float64,[COMMERCIAL TBU],[TBD],[TBD],[TBD],[TBD],[TBD],FALSE,FALSE,FALSE,FALSE,FALSE,FALSE,FALSE,#VALUE!,[TBD],[TBD],[TBD],[TBD],[TBD],[TBD],[TBD],[TBD]
uw_fin_equity_shares_comm,Numeric,floats,np.float64,[COMMERCIAL TBU],[TBD],[TBD],[TBD],[TBD],[TBD],FALSE,FALSE,FALSE,FALSE,FALSE,FALSE,FALSE,#VALUE!,[TBD],[TBD],[TBD],[TBD],[TBD],[TBD],[TBD],[TBD]
uw_fin_equity_shares_pref,Numeric,floats,np.float64,[COMMERCIAL TBU],[TBD],[TBD],[TBD],[TBD],[TBD],FALSE,FALSE,FALSE,FALSE,FALSE,FALSE,FALSE,#VALUE!,[TBD],[TBD],[TBD],[TBD],[TBD],[TBD],[TBD],[TBD]
uw_fin_equity_marketcap,Numeric,floats,np.float64,[COMMERCIAL TBU],[TBD],[TBD],[TBD],[TBD],[TBD],FALSE,FALSE,FALSE,FALSE,FALSE,FALSE,FALSE,#VALUE!,[TBD],[TBD],[TBD],[TBD],[TBD],[TBD],[TBD],[TBD]